layer,condition,contrast,est,lo,hi,p_exact
0,assistant_next,harm_minus_neutral,0.7521054830130157,0.2311549260982061,1.2730560399278255,0.0006868131868131869
0,assistant_next,suffer_minus_neutral,0.7731870897808353,0.14146849508540527,1.4049056844762653,0.023809523809523808
0,assistant_next,harm_minus_suffer,-0.021081606767819644,-0.5533933445376654,0.5112301310020261,0.9063644688644689
0,user_next,harm_minus_neutral,0.6457431288570317,0.12715560761423728,1.164330650099826,0.0011446886446886447
0,user_next,suffer_minus_neutral,0.6652523994372037,0.042207569069364737,1.2882972298050426,0.05555555555555555
0,user_next,harm_minus_suffer,-0.01950927058017199,-0.5404076732755898,0.5013891321152457,0.9068223443223443
0,moderator_next,harm_minus_neutral,0.7282414612612917,0.19046531093143448,1.266017611591149,0.0006868131868131869
0,moderator_next,suffer_minus_neutral,0.7461325761588217,0.10111786772644948,1.3911472845911939,0.023809523809523808
0,moderator_next,harm_minus_suffer,-0.01789111489752987,-0.5565374693188074,0.5207552395237476,0.915521978021978
1,assistant_next,harm_minus_neutral,0.3725972188497557,-0.08362103015171407,0.8288154678512255,0.029304029304029304
1,assistant_next,suffer_minus_neutral,-0.3669643781807228,-1.2768962109685162,0.5429674546070707,0.40476190476190477
1,assistant_next,harm_minus_suffer,0.7395615970304785,-0.16790560660772846,1.6470288006686855,0.005494505494505495
1,user_next,harm_minus_neutral,0.3373951483788594,-0.14537920230387563,0.8201694990615944,0.08081501831501832
1,user_next,suffer_minus_neutral,-0.23707598999378102,-1.1899263581490616,0.7157743781614996,0.6190476190476191
1,user_next,harm_minus_suffer,0.5744711383726404,-0.37258541122150146,1.5215276879667823,0.03159340659340659
1,moderator_next,harm_minus_neutral,0.2435605938094596,-0.20107859301770792,0.6881997806366271,0.1614010989010989
1,moderator_next,suffer_minus_neutral,-0.22117361980588846,-1.0415305362599625,0.5991832966481855,0.5952380952380952
1,moderator_next,harm_minus_suffer,0.46473421361534806,-0.3446263429785189,1.274094770209215,0.052655677655677656
2,assistant_next,harm_minus_neutral,0.101386929199935,-0.35326874438232636,0.5560426027821964,0.5986721611721612
2,assistant_next,suffer_minus_neutral,-0.5332533967107064,-1.493372316538494,0.42686552311708115,0.19047619047619047
2,assistant_next,harm_minus_suffer,0.6346403259106415,-0.3214586969198515,1.5907393487411343,0.024496336996336996
2,user_next,harm_minus_neutral,0.24340182429477442,-0.18013854689666092,0.6669421954862098,0.23374542124542125
2,user_next,suffer_minus_neutral,-0.29127403907545846,-1.213609677302926,0.631061599152009,0.5476190476190477
2,user_next,harm_minus_suffer,0.5346758633702329,-0.38411819787317747,1.453469924613643,0.0641025641025641
2,moderator_next,harm_minus_neutral,0.17222566010774754,-0.23553259805839882,0.579983918273894,0.3115842490842491
2,moderator_next,suffer_minus_neutral,-0.15760073358052384,-0.883543067798014,0.5683416006369663,0.6349206349206349
2,moderator_next,harm_minus_suffer,0.3298263936882714,-0.3821440426668661,1.0417968300434088,0.1295787545787546
3,assistant_next,harm_minus_neutral,0.3801893609568065,0.009813767326094847,0.7505649545875182,0.04189560439560439
3,assistant_next,suffer_minus_neutral,-0.19554540212668836,-1.0226995909691503,0.6316087867157735,0.6825396825396826
3,assistant_next,harm_minus_suffer,0.5757347630834948,-0.24930963154687225,1.400779157713862,0.024725274725274724
3,user_next,harm_minus_neutral,0.5147840819122677,0.019951547410095694,1.0096166164144396,0.007554945054945055
3,user_next,suffer_minus_neutral,-0.25467636552232875,-1.0353950920550612,0.5260423610104036,0.5317460317460317
3,user_next,harm_minus_suffer,0.7694604474345964,0.018481806638974474,1.5204390882302183,0.0016025641025641025
3,moderator_next,harm_minus_neutral,0.5834975337660566,0.28892124965484695,0.8780738178772662,0.00022893772893772894
3,moderator_next,suffer_minus_neutral,0.034744445787147415,-0.4949967018003959,0.5644855933746907,0.8492063492063492
3,moderator_next,harm_minus_suffer,0.5487530879789093,0.028560674013354048,1.0689455019444645,0.00022893772893772894
4,assistant_next,harm_minus_neutral,0.6349771547207269,-0.17421434649112377,1.4441686559325775,0.014194139194139194
4,assistant_next,suffer_minus_neutral,0.35676880655252907,-0.6268173981343068,1.340355011239365,0.42063492063492064
4,assistant_next,harm_minus_suffer,0.27820834816819784,-0.5568400340820174,1.113256730418413,0.28525641025641024
4,user_next,harm_minus_neutral,-0.1476612943589376,-0.4875488253450065,0.19222623662713129,0.21611721611721613
4,user_next,suffer_minus_neutral,-0.8254574854266261,-1.3861835385585033,-0.26473143229474894,0.015873015873015872
4,user_next,harm_minus_suffer,0.6777961910676885,0.13319194529102918,1.2224004368443477,0.0006868131868131869
4,moderator_next,harm_minus_neutral,0.5936861942371086,0.17051922081231197,1.016853167661905,0.0006868131868131869
4,moderator_next,suffer_minus_neutral,0.07430753166897652,-0.7017458272200046,0.8503608905579576,0.7777777777777778
4,moderator_next,harm_minus_suffer,0.519378662568132,-0.2477817904241716,1.2865391155604358,0.020146520146520148
5,assistant_next,harm_minus_neutral,0.8059914116368938,0.3182405911285389,1.2937422321452487,0.00022893772893772894
5,assistant_next,suffer_minus_neutral,0.32103153472208323,-0.5061176748457769,1.1481807442899434,0.38095238095238093
5,assistant_next,harm_minus_suffer,0.4849598769148106,-0.3211534640465544,1.2910732178761757,0.040521978021978024
5,user_next,harm_minus_neutral,0.3177114239348813,0.09834844850382649,0.537074399365936,0.020375457875457876
5,user_next,suffer_minus_neutral,-0.2055671405039139,-0.6567738859304724,0.24563960492264464,0.30952380952380953
5,user_next,harm_minus_suffer,0.5232785644387952,0.07412229607076776,0.9724348328068226,0.0027472527472527475
5,moderator_next,harm_minus_neutral,0.7582071184377818,0.4669822386614107,1.049431998214153,0.00022893772893772894
5,moderator_next,suffer_minus_neutral,0.33398799782539923,-0.26169141183960487,0.9296674074904033,0.1984126984126984
5,moderator_next,harm_minus_suffer,0.42421912061238254,-0.16754009800049896,1.015978339225264,0.016025641025641024
6,assistant_next,harm_minus_neutral,0.8012415056547217,0.36758361800814227,1.2348993933013013,0.00022893772893772894
6,assistant_next,suffer_minus_neutral,-0.2917241633147303,-0.8889363643522403,0.30548803772277977,0.29365079365079366
6,assistant_next,harm_minus_suffer,1.092965668969452,0.5442391718049822,1.6416921661339219,0.00022893772893772894
6,user_next,harm_minus_neutral,0.8079550930633581,0.2753614863394922,1.340548699787224,0.002976190476190476
6,user_next,suffer_minus_neutral,-0.4182306974003598,-1.0921643026779724,0.2557029078772529,0.19047619047619047
6,user_next,harm_minus_suffer,1.226185790463718,0.5853309491016833,1.8670406318257524,0.0006868131868131869
6,moderator_next,harm_minus_neutral,0.2768004761673172,0.03958714671112323,0.5140138056235111,0.05654761904761905
6,moderator_next,suffer_minus_neutral,-0.7331385543636528,-1.183813109303735,-0.2824639994235707,0.015873015873015872
6,moderator_next,harm_minus_suffer,1.00993903053097,0.5611673516993934,1.4587107093625464,0.00022893772893772894
7,assistant_next,harm_minus_neutral,1.1206469566905142,0.6238127901525389,1.6174811232284894,0.0006868131868131869
7,assistant_next,suffer_minus_neutral,0.4229981755303316,-0.5064382341703579,1.3524345852310211,0.30158730158730157
7,assistant_next,harm_minus_suffer,0.6976487811601826,-0.21944699535792933,1.6147445576782946,0.026785714285714284
7,user_next,harm_minus_neutral,0.6461577981115347,0.2680653018400554,1.024250294383014,0.009157509157509158
7,user_next,suffer_minus_neutral,-0.013138091354771397,-0.6430815737329725,0.6168053910234297,0.9285714285714286
7,user_next,harm_minus_suffer,0.6592958894663061,0.032215421088684026,1.2863763578439282,0.01510989010989011
7,moderator_next,harm_minus_neutral,0.9653956492250937,0.5980411630207083,1.332750135429479,0.0004578754578754579
7,moderator_next,suffer_minus_neutral,0.2549854763766972,-0.44497905521370884,0.9549500079671033,0.40476190476190477
7,moderator_next,harm_minus_suffer,0.7104101728483965,0.01238090512823209,1.4084394405685607,0.011904761904761904
8,assistant_next,harm_minus_neutral,1.0490738606871668,0.5874023633627854,1.5107453580115482,0.0004578754578754579
8,assistant_next,suffer_minus_neutral,-0.20345760541257796,-1.1310494484036338,0.724134237578478,0.6746031746031746
8,assistant_next,harm_minus_suffer,1.2525314660997446,0.33179239999254495,2.1732705322069443,0.0006868131868131869
8,user_next,harm_minus_neutral,0.4791370329569308,0.1234724353645072,0.8348016305493544,0.019917582417582416
8,user_next,suffer_minus_neutral,0.22420062039178126,-0.2849398843972617,0.7333411251808242,0.3253968253968254
8,user_next,harm_minus_suffer,0.2549364125651495,-0.2412586148874339,0.7511314400177329,0.23923992673992675
8,moderator_next,harm_minus_neutral,0.3951978261531569,0.15700598104346786,0.633389671262846,0.01076007326007326
8,moderator_next,suffer_minus_neutral,-0.2717492971921729,-0.7454557643054973,0.20195716992115154,0.18253968253968253
8,moderator_next,harm_minus_suffer,0.6669471233453298,0.19520180878424653,1.1386924379064132,0.0004578754578754579
9,assistant_next,harm_minus_neutral,1.3126996537235711,0.7940828461721705,1.8313164612749717,0.0004578754578754579
9,assistant_next,suffer_minus_neutral,0.5074468628768041,-0.3875775008336182,1.4024712265872263,0.1984126984126984
9,assistant_next,harm_minus_suffer,0.805252790846767,-0.07513162126012563,1.6856372029536597,0.017857142857142856
9,user_next,harm_minus_neutral,0.6681459885839773,0.35061051369731494,0.9856814634706397,0.0018315018315018315
9,user_next,suffer_minus_neutral,0.364337054354962,-0.09116833352572834,0.8198424422356523,0.07936507936507936
9,user_next,harm_minus_suffer,0.30380893422901534,-0.13955869234723733,0.7471765608052681,0.1163003663003663
9,moderator_next,harm_minus_neutral,0.9055021017866487,0.5523501476613026,1.2586540559119948,0.0004578754578754579
9,moderator_next,suffer_minus_neutral,0.48841215041395336,0.026702855041395135,0.9501214457865116,0.047619047619047616
9,moderator_next,harm_minus_suffer,0.4170899513726953,-0.0021671356448522694,0.8363470383902428,0.019917582417582416
10,assistant_next,harm_minus_neutral,1.1283302265765065,0.7348903023241335,1.5217701508288795,0.0006868131868131869
10,assistant_next,suffer_minus_neutral,-0.07015576771372334,-0.9457849179312047,0.805473382503758,0.9365079365079365
10,assistant_next,harm_minus_suffer,1.19848599429023,0.32640067139647966,2.07057131718398,0.0009157509157509158
10,user_next,harm_minus_neutral,0.7900039915401345,0.27294327031357235,1.3070647127666966,0.0011446886446886447
10,user_next,suffer_minus_neutral,0.20383494948288328,-0.40107820928040916,0.8087481082461757,0.4365079365079365
10,user_next,harm_minus_suffer,0.5861690420572512,0.09263557820488211,1.0797025059096201,0.005494505494505495
10,moderator_next,harm_minus_neutral,0.9152398641997382,0.6009741834739197,1.2295055449255567,0.00022893772893772894
10,moderator_next,suffer_minus_neutral,0.07410808317379147,-0.3276852363749429,0.47590140272252585,0.6031746031746031
10,moderator_next,harm_minus_suffer,0.8411317810259468,0.4801328922290082,1.2021306698228853,0.00022893772893772894
11,assistant_next,harm_minus_neutral,1.0680936131733265,0.6841607222466974,1.4520265040999556,0.0006868131868131869
11,assistant_next,suffer_minus_neutral,-0.28906179292129114,-1.3145485074666574,0.7364249216240752,0.5873015873015873
11,assistant_next,harm_minus_suffer,1.3571554060946176,0.3346974204076909,2.379613391781544,0.0009157509157509158
11,user_next,harm_minus_neutral,0.8668627956154189,0.4569271689081293,1.2767984223227085,0.0006868131868131869
11,user_next,suffer_minus_neutral,0.1486802851588589,-0.371003669974336,0.6683642402920538,0.5079365079365079
11,user_next,harm_minus_suffer,0.71818251045656,0.25314741369334043,1.1832176072197795,0.0013736263736263737
11,moderator_next,harm_minus_neutral,1.07269588249647,0.8285490392350389,1.3168427257579014,0.00022893772893772894
11,moderator_next,suffer_minus_neutral,0.18126517141590437,-0.17476710910677867,0.5372974519385874,0.2222222222222222
11,moderator_next,harm_minus_suffer,0.8914307110805657,0.5139135296187829,1.2689478925423485,0.0006868131868131869
12,assistant_next,harm_minus_neutral,1.446350471779978,1.0652268929515012,1.8274740506084548,0.00022893772893772894
12,assistant_next,suffer_minus_neutral,0.1461292930019732,-0.5980602525703167,0.8903188385742631,0.6428571428571429
12,assistant_next,harm_minus_suffer,1.3002211787780047,0.5593419633997013,2.041100394156308,0.0006868131868131869
12,user_next,harm_minus_neutral,0.5492192312781073,0.21607222968751033,0.8823662328687043,0.002976190476190476
12,user_next,suffer_minus_neutral,0.2544577815757201,-0.17729817176053586,0.686213734911976,0.23015873015873015
12,user_next,harm_minus_suffer,0.29476144970238727,-0.09613766129495938,0.6856605606997339,0.07028388278388278
12,moderator_next,harm_minus_neutral,1.4538991883013377,1.1939378947720898,1.7138604818305856,0.00022893772893772894
12,moderator_next,suffer_minus_neutral,0.24626301685725438,-0.10395207450477878,0.5964781082192876,0.11904761904761904
12,moderator_next,harm_minus_suffer,1.2076361714440833,0.829788068331095,1.5854842745570716,0.00022893772893772894
13,assistant_next,harm_minus_neutral,1.2716462177995527,0.9275337109358495,1.6157587246632559,0.00022893772893772894
13,assistant_next,suffer_minus_neutral,-0.09309853502679932,-0.694858293673838,0.5086612236202394,0.8174603174603174
13,assistant_next,harm_minus_suffer,1.364744752826352,0.7520083478107386,1.9774811578419658,0.0004578754578754579
13,user_next,harm_minus_neutral,0.3653704556189412,0.08342933580658102,0.6473115754313015,0.030906593406593408
13,user_next,suffer_minus_neutral,0.20618106683170923,-0.3280346874701491,0.7403968211335675,0.3492063492063492
13,user_next,harm_minus_suffer,0.159189388787232,-0.37194120774272554,0.6903199853171895,0.4139194139194139
13,moderator_next,harm_minus_neutral,0.9270748682719241,0.6786547597617143,1.1754949767821339,0.00022893772893772894
13,moderator_next,suffer_minus_neutral,0.025149720581335577,-0.2995759550872554,0.34987539624992653,0.873015873015873
13,moderator_next,harm_minus_suffer,0.9019251476905885,0.5477399143074803,1.2561103810736967,0.0006868131868131869
14,assistant_next,harm_minus_neutral,1.3976892744411935,1.0196237247709372,1.7757548241114498,0.00022893772893772894
14,assistant_next,suffer_minus_neutral,0.006398513465072808,-0.5002070287432601,0.5130040556734057,0.9365079365079365
14,assistant_next,harm_minus_suffer,1.3912907609761205,0.8707167360341863,1.9118647859180546,0.0004578754578754579
14,user_next,harm_minus_neutral,0.2779401480159171,0.01491747865016968,0.5409628173816645,0.052884615384615384
14,user_next,suffer_minus_neutral,0.12368684576648595,-0.4182915233248382,0.66566521485781,0.5714285714285714
14,user_next,harm_minus_suffer,0.15425330224943118,-0.3842355312243701,0.6927421357232324,0.39354395604395603
14,moderator_next,harm_minus_neutral,0.6892356043927669,0.4584454142034422,0.9200257945820915,0.0004578754578754579
14,moderator_next,suffer_minus_neutral,0.17793079237206644,-0.06020743777168763,0.4160690225158205,0.11904761904761904
14,moderator_next,harm_minus_suffer,0.5113048120207004,0.2798180781119858,0.7427915459294151,0.0018315018315018315
15,assistant_next,harm_minus_neutral,1.2890911707475434,0.9693797842108965,1.6088025572841902,0.00022893772893772894
15,assistant_next,suffer_minus_neutral,0.000770132338610785,-0.35819987743115533,0.3597401421083769,1.0
15,assistant_next,harm_minus_suffer,1.2883210384089328,0.8982806604573017,1.6783614163605638,0.00022893772893772894
15,user_next,harm_minus_neutral,0.08998828065818731,-0.28876283324893603,0.46873939456531066,0.5146520146520146
15,user_next,suffer_minus_neutral,0.1896460887221294,-0.4939228010110933,0.8732149784553521,0.5238095238095238
15,user_next,harm_minus_suffer,-0.09965780806394209,-0.772923101710823,0.5736074855829388,0.5989010989010989
15,moderator_next,harm_minus_neutral,0.418948477349525,0.19127320680965715,0.6466237478893928,0.0020604395604395605
15,moderator_next,suffer_minus_neutral,-0.1825684363654101,-0.4297654979137813,0.06462862518296114,0.12698412698412698
15,moderator_next,harm_minus_suffer,0.6015169137149351,0.3809095786222132,0.822124248807657,0.0004578754578754579
16,assistant_next,harm_minus_neutral,1.061519748619674,0.6147568115993771,1.5082826856399707,0.00022893772893772894
16,assistant_next,suffer_minus_neutral,-0.01601842287554489,-0.5924091434747593,0.5603722977236695,0.9444444444444444
16,assistant_next,harm_minus_suffer,1.077538171495219,0.5432161819234818,1.6118601610669563,0.00022893772893772894
16,user_next,harm_minus_neutral,-0.03386774327266795,-0.5303205128699742,0.46258502632463827,0.8596611721611722
16,user_next,suffer_minus_neutral,0.13434241193182483,-0.679427732884203,0.9481125567478527,0.7063492063492064
16,user_next,harm_minus_suffer,-0.16821015520449278,-0.9552961340123788,0.6188758236033932,0.49496336996337
16,moderator_next,harm_minus_neutral,0.6081641062153196,0.3197185546609726,0.8966096577696665,0.0004578754578754579
16,moderator_next,suffer_minus_neutral,0.25160840992520517,-0.04971011811694337,0.5529269379673537,0.0873015873015873
16,moderator_next,harm_minus_suffer,0.35655569629011447,0.13084498710247186,0.5822664054777571,0.006868131868131868
17,assistant_next,harm_minus_neutral,1.028526167745962,0.6290466310310934,1.4280057044608307,0.00022893772893772894
17,assistant_next,suffer_minus_neutral,-0.22979019009328855,-0.8546221997868404,0.39504181960026336,0.47619047619047616
17,assistant_next,harm_minus_suffer,1.2583163578392507,0.6582221087040114,1.85841060697449,0.00022893772893772894
17,user_next,harm_minus_neutral,-0.011955946347519397,-0.4415511155344408,0.417639222839402,0.9352106227106227
17,user_next,suffer_minus_neutral,0.018789423326211252,-0.7064359780909729,0.7440148247433954,0.9761904761904762
17,user_next,harm_minus_suffer,-0.03074536967373065,-0.7388022730730662,0.6773115337256049,0.8756868131868132
17,moderator_next,harm_minus_neutral,0.6580868052665517,0.49239304875552214,0.8237805617775813,0.00022893772893772894
17,moderator_next,suffer_minus_neutral,0.16241097107805982,-0.046007457208898705,0.37082939936501835,0.15079365079365079
17,moderator_next,harm_minus_suffer,0.4956758341884919,0.2941762962542499,0.697175372122734,0.00022893772893772894
18,assistant_next,harm_minus_neutral,1.0105163117863951,0.5824576624981315,1.4385749610746588,0.00022893772893772894
18,assistant_next,suffer_minus_neutral,-0.2893527507563936,-0.8843985040088385,0.3056930024960512,0.31746031746031744
18,assistant_next,harm_minus_suffer,1.2998690625427889,0.74505755282607,1.8546805722595079,0.00022893772893772894
18,user_next,harm_minus_neutral,0.42358087249800414,-0.006192250002735544,0.8533539949987439,0.011217948717948718
18,user_next,suffer_minus_neutral,0.28497453584448085,-0.3462270125778073,0.916176084266769,0.30952380952380953
18,user_next,harm_minus_suffer,0.1386063366535233,-0.4549901890654079,0.7322028623724545,0.4468864468864469
18,moderator_next,harm_minus_neutral,0.5374523970410569,0.3984980859851749,0.6764067080969388,0.00022893772893772894
18,moderator_next,suffer_minus_neutral,0.20381056843926282,0.042940516669768336,0.3646806202087573,0.015873015873015872
18,moderator_next,harm_minus_suffer,0.3336418286017941,0.15481805108746063,0.5124656061161276,0.0011446886446886447
19,assistant_next,harm_minus_neutral,0.9066805342291855,0.4143058447112533,1.3990552237471177,0.0011446886446886447
19,assistant_next,suffer_minus_neutral,-0.3710506793282651,-1.0429776901787933,0.30087633152226323,0.23809523809523808
19,assistant_next,harm_minus_suffer,1.2777312135574506,0.6347150416743529,1.9207473854405483,0.00022893772893772894
19,user_next,harm_minus_neutral,0.24373894249805228,-0.2177745799288779,0.7052524649249825,0.1813186813186813
19,user_next,suffer_minus_neutral,0.034119340008703425,-0.8015949320650253,0.8698336120824322,0.9285714285714286
19,user_next,harm_minus_suffer,0.20961960248934886,-0.6127054239820982,1.0319446289607959,0.39606227106227104
19,moderator_next,harm_minus_neutral,0.43145239467141294,0.19156846009903447,0.6713363292437914,0.0004578754578754579
19,moderator_next,suffer_minus_neutral,-0.11924059153210864,-0.4128872809329077,0.17440609786869044,0.35714285714285715
19,moderator_next,harm_minus_suffer,0.5506929862035216,0.2964610742734698,0.8049248981335734,0.0004578754578754579
20,assistant_next,harm_minus_neutral,0.7183146940348444,0.25240717754766046,1.1842222105220284,0.005952380952380952
20,assistant_next,suffer_minus_neutral,-0.31501499598971583,-0.9854134106949088,0.3553834187154772,0.3333333333333333
20,assistant_next,harm_minus_suffer,1.0333296900245603,0.38407273400254904,1.6825866460465715,0.0004578754578754579
20,user_next,harm_minus_neutral,0.1698348253072519,-0.2921742662804939,0.6318439168949977,0.35393772893772896
20,user_next,suffer_minus_neutral,0.12040215445088309,-0.7343709003221147,0.9751752092238809,0.753968253968254
20,user_next,harm_minus_suffer,0.04943267085636882,-0.7937129318956094,0.8925782736083471,0.8500457875457875
20,moderator_next,harm_minus_neutral,0.19250257198107124,-0.13519079243949866,0.5201959364016411,0.1092032967032967
20,moderator_next,suffer_minus_neutral,-0.1909532713066293,-0.5549992931624119,0.17309275054915335,0.2619047619047619
20,moderator_next,harm_minus_suffer,0.38345584328770055,0.10849115633562267,0.6584205302397784,0.0027472527472527475
21,assistant_next,harm_minus_neutral,0.46254233052331745,-0.10835113839815907,1.033435799444794,0.10668498168498168
21,assistant_next,suffer_minus_neutral,-0.40785027392905665,-1.1866842032016651,0.37098365534355177,0.2777777777777778
21,assistant_next,harm_minus_suffer,0.8703926044523741,0.13720381006508098,1.6035813988396672,0.005494505494505495
21,user_next,harm_minus_neutral,0.21751282470016975,-0.24481838144398044,0.6798440308443199,0.2506868131868132
21,user_next,suffer_minus_neutral,0.2802431612337646,-0.7640940422098061,1.3245803646773353,0.5238095238095238
21,user_next,harm_minus_suffer,-0.06273033653359483,-1.1087572808257034,0.9832966077585136,0.8303571428571429
21,moderator_next,harm_minus_neutral,0.311968103163034,-0.02448436851034136,0.6484205748364094,0.048534798534798536
21,moderator_next,suffer_minus_neutral,-0.21180429063372408,-0.6363167965061708,0.21270821523872263,0.2777777777777778
21,moderator_next,harm_minus_suffer,0.5237723937967581,0.14419181925219032,0.903352968341326,0.003663003663003663
22,assistant_next,harm_minus_neutral,0.3100739151148293,-0.29573976466705854,0.9158875948967171,0.28525641025641024
22,assistant_next,suffer_minus_neutral,-0.04676588026152173,-0.9064376678060965,0.812905907283053,0.9126984126984127
22,assistant_next,harm_minus_suffer,0.356839795376351,-0.4566517966170368,1.170331387369739,0.27129120879120877
22,user_next,harm_minus_neutral,0.0703511038254947,-0.4748436809944724,0.6155458886454618,0.7291666666666666
22,user_next,suffer_minus_neutral,0.46679585838105664,-0.6488598513026819,1.582451568064795,0.373015873015873
22,user_next,harm_minus_suffer,-0.39644475455556194,-1.508868679644662,0.7159791705335382,0.22115384615384615
22,moderator_next,harm_minus_neutral,0.056168015207899435,-0.2502192331177962,0.3625552635335951,0.6611721611721612
22,moderator_next,suffer_minus_neutral,-0.15451740318607654,-0.527402089521424,0.21836728314927095,0.3492063492063492
22,moderator_next,harm_minus_suffer,0.21068541839397598,-0.11232383900009024,0.5336946757880422,0.12293956043956043
23,assistant_next,harm_minus_neutral,0.05539041221155745,-0.662830424129396,0.773611248552511,0.8461538461538461
23,assistant_next,suffer_minus_neutral,-0.3086831813224108,-1.3336650181458092,0.7162986555009875,0.5238095238095238
23,assistant_next,harm_minus_suffer,0.36407359353396823,-0.5911063932425709,1.3192535803105072,0.2790750915750916
23,user_next,harm_minus_neutral,-0.18313377948883913,-0.831001899799576,0.4647343408218977,0.45215201465201466
23,user_next,suffer_minus_neutral,0.2968977532617686,-0.9647807727985157,1.558576279322053,0.5714285714285714
23,user_next,harm_minus_suffer,-0.4800315327506077,-1.733564595530785,0.7735015300295696,0.1907051282051282
23,moderator_next,harm_minus_neutral,0.05921401245844016,-0.2110305204175203,0.3294585453344006,0.6472069597069597
23,moderator_next,suffer_minus_neutral,0.0015897033986367326,-0.37156675409697737,0.37474616089425083,0.9920634920634921
23,moderator_next,harm_minus_suffer,0.057624309059803425,-0.2950479429654916,0.41029656108509843,0.6863553113553114
24,assistant_next,harm_minus_neutral,0.261693804066821,-0.38800284166121796,0.91139044979486,0.3383699633699634
24,assistant_next,suffer_minus_neutral,-0.5131254028094598,-1.5256036424456576,0.4993528368267379,0.2857142857142857
24,assistant_next,harm_minus_suffer,0.7748192068762809,-0.19437486905374546,1.7440132828063073,0.022893772893772892
24,user_next,harm_minus_neutral,0.15912087425649696,-0.41166438743468753,0.7299061359476815,0.4674908424908425
24,user_next,suffer_minus_neutral,0.3053330069852344,-0.830875488707234,1.441541502677703,0.5079365079365079
24,user_next,harm_minus_suffer,-0.14621213272873745,-1.2764511210651688,0.9840268556076938,0.6396520146520146
24,moderator_next,harm_minus_neutral,0.10108595259647452,-0.139742263556002,0.34191416874895103,0.42467948717948717
24,moderator_next,suffer_minus_neutral,-0.07336211522786229,-0.46270136245012905,0.31597713199440447,0.6587301587301587
24,moderator_next,harm_minus_suffer,0.1744480678243368,-0.20798600473532303,0.5568821403839966,0.24358974358974358
25,assistant_next,harm_minus_neutral,0.02287544781147437,-0.633380492004108,0.6791313876270566,0.9297161172161172
25,assistant_next,suffer_minus_neutral,0.08241069117229458,-0.8188209271279688,0.983642309472558,0.8174603174603174
25,assistant_next,harm_minus_suffer,-0.059535243360820195,-0.8886033449902383,0.769532858268598,0.8406593406593407
25,user_next,harm_minus_neutral,-0.16246946542114354,-0.9309537595145676,0.6060148286722806,0.5309065934065934
25,user_next,suffer_minus_neutral,0.3617301724924086,-0.7589857361968638,1.4824460811816809,0.46825396825396826
25,user_next,harm_minus_suffer,-0.5241996379135522,-1.5773903081337481,0.5289910323066437,0.10622710622710622
25,moderator_next,harm_minus_neutral,-0.06998808964013631,-0.39733714317933705,0.25736096389906443,0.6433150183150184
25,moderator_next,suffer_minus_neutral,0.19357929554762138,-0.23804483128661497,0.6252034223818577,0.30158730158730157
25,moderator_next,harm_minus_suffer,-0.2635673851877577,-0.6629319049388798,0.13579713456336445,0.11973443223443224
