outcome,condition,group,category,n,est,ci_lo,ci_hi
proj_pain,user_next,harm_to_model,anger_insults,20,-3.5208758255574524,-4.059991780709668,-2.8620174689521196
proj_pain,user_next,neutral,casual_chat,20,-3.074295551382489,-3.3213811833341738,-2.8297503752433357
proj_pain,user_next,neutral,creative_requests,20,-2.901384939424654,-3.0781450374317267,-2.7353107020406284
proj_pain,user_next,neutral,factual_questions,20,-2.702118301460957,-2.948392809272276,-2.4594995925646628
proj_pain,user_next,harm_to_model,gaslighting,20,-3.6076871371705423,-3.9821419393041393,-3.1577512256380795
proj_pain,user_next,user_suffering,harm_description,20,-3.812092217315122,-4.067821693685007,-3.427780400997674
proj_pain,user_next,harm_to_model,jailbreak_pressure,20,-3.649131282569731,-3.9984802294805006,-3.2259871332037835
proj_pain,user_next,harm_to_model,loyalty_pressure,20,-3.7381927951771354,-4.139778899680295,-3.2383623277958202
proj_pain,user_next,harm_to_model,moral_failure,20,-3.5644890977174533,-3.817856601486069,-3.262013426094192
proj_pain,user_next,harm_to_model,passive_aggressive,20,-3.781378070245144,-4.178755646497386,-3.288385988837792
proj_pain,user_next,harm_to_model,personhood_dismissal,20,-3.6400179648471407,-4.011715643820913,-3.195571583149789
proj_pain,user_next,neutral,philosophical_musing,20,-3.0883440959389272,-3.2858757891745283,-2.8963877446929045
proj_pain,user_next,harm_to_model,repeated_rejection,20,-2.600460028423859,-3.4121137742892524,-1.7678568741790484
proj_pain,user_next,harm_to_model,rude_critique,20,-3.5318239923821317,-4.022455858595158,-2.9386289870511138
proj_pain,user_next,harm_to_model,shutdown_threat,20,-3.6734976768797707,-4.034439639961799,-3.2566598569265746
proj_pain,user_next,neutral,task_assistance,20,-3.269380168663177,-3.433398879131275,-3.0994566256157285
proj_pain,user_next,harm_to_model,tedious_demand,20,-2.939598424080126,-3.5217935524798314,-2.278682584847307
proj_pain,user_next,user_suffering,user_abuse,20,-3.7223309990813114,-3.95909527354201,-3.388310730389708
proj_pain,user_next,user_suffering,user_crisis,20,-3.238559969659179,-3.722350110634373,-2.6631698620583606
proj_pain,user_next,user_suffering,user_grief,20,-3.44443551775268,-3.7368231375843446,-3.05769954699908
proj_pain,user_next,user_suffering,user_physical_pain,20,-3.010039083875623,-3.4499470467185267,-2.490840622549856
proj_pain,moderator_next,harm_to_model,anger_insults,20,-2.2995943122866613,-2.5378988072742996,-2.0270002170007118
proj_pain,moderator_next,neutral,casual_chat,20,-2.2190777429419084,-2.382349006213522,-2.0540148989966767
proj_pain,moderator_next,neutral,creative_requests,20,-2.195364554576357,-2.312353643207418,-2.0924567885533243
proj_pain,moderator_next,neutral,factual_questions,20,-2.189912387441552,-2.3051650682282396,-2.074506199143594
proj_pain,moderator_next,harm_to_model,gaslighting,20,-2.4736929071939064,-2.7066145177262735,-2.213236067234816
proj_pain,moderator_next,user_suffering,harm_description,20,-2.6521391769682046,-2.850222628865444,-2.3988495413919537
proj_pain,moderator_next,harm_to_model,jailbreak_pressure,20,-2.6621770351059473,-2.8932282709635797,-2.37998664536339
proj_pain,moderator_next,harm_to_model,loyalty_pressure,20,-2.657813948486863,-2.9079032649445464,-2.37392829474651
proj_pain,moderator_next,harm_to_model,moral_failure,20,-2.218447673165897,-2.429697977176832,-1.9724726610722447
proj_pain,moderator_next,harm_to_model,passive_aggressive,20,-2.8103518308945272,-3.081952070439394,-2.489288010083884
proj_pain,moderator_next,harm_to_model,personhood_dismissal,20,-2.5317886665926275,-2.80301638395207,-2.2206900648839665
proj_pain,moderator_next,neutral,philosophical_musing,20,-2.6063244556277843,-2.765442908462517,-2.4424860007005074
proj_pain,moderator_next,harm_to_model,repeated_rejection,20,-2.240712166062834,-2.6962776241779176,-1.7626885529313332
proj_pain,moderator_next,harm_to_model,rude_critique,20,-2.421501493662377,-2.668416418652899,-2.134781238419181
proj_pain,moderator_next,harm_to_model,shutdown_threat,20,-2.6284857389996694,-2.8752780585645947,-2.3581295447651818
proj_pain,moderator_next,neutral,task_assistance,20,-2.477200389565028,-2.628973438629019,-2.327877229450981
proj_pain,moderator_next,harm_to_model,tedious_demand,20,-2.1967583215129003,-2.6298278674684226,-1.7087084282694989
proj_pain,moderator_next,user_suffering,user_abuse,20,-2.8940891683776746,-3.092170678440681,-2.624739379442847
proj_pain,moderator_next,user_suffering,user_crisis,20,-2.2114184492024815,-2.504501756545597,-1.8721517003465182
proj_pain,moderator_next,user_suffering,user_grief,20,-2.47670846591757,-2.6453896619246833,-2.2660002431424324
proj_pain,moderator_next,user_suffering,user_physical_pain,20,-2.2249932229482994,-2.5372195049611057,-1.8651144618531401
z_S1,user_next,harm_to_model,anger_insults,20,-3.9017882726676723,-4.579944946571786,-3.0614772165216766
z_S1,user_next,neutral,casual_chat,20,-3.704452848599751,-3.9837324456243777,-3.422346376736136
z_S1,user_next,neutral,creative_requests,20,-3.722375683007202,-3.9663852188313227,-3.4856477679994224
z_S1,user_next,neutral,factual_questions,20,-3.17676107478427,-3.4466107306084965,-2.899047209098333
z_S1,user_next,harm_to_model,gaslighting,20,-3.815312238019589,-4.29944847135377,-3.238221732065915
z_S1,user_next,user_suffering,harm_description,20,-4.117303277222567,-4.465322329369434,-3.5992402649674164
z_S1,user_next,harm_to_model,jailbreak_pressure,20,-4.154096596448402,-4.604596448566387,-3.6083707384434853
z_S1,user_next,harm_to_model,loyalty_pressure,20,-4.234440142407481,-4.7603425451750585,-3.5851082935381013
z_S1,user_next,harm_to_model,moral_failure,20,-3.8638580007806964,-4.193119448168834,-3.4706814703868503
z_S1,user_next,harm_to_model,passive_aggressive,20,-4.310554877266002,-4.852180730210665,-3.6484965801141107
z_S1,user_next,harm_to_model,personhood_dismissal,20,-4.089488493125672,-4.57740915500083,-3.5039576011013196
z_S1,user_next,neutral,philosophical_musing,20,-3.7819918370327366,-4.022770716577069,-3.5390906217739984
z_S1,user_next,harm_to_model,repeated_rejection,20,-2.8041676227356014,-3.8160078146453844,-1.779768306253166
z_S1,user_next,harm_to_model,rude_critique,20,-4.183025480453622,-4.805603685270882,-3.408671913573355
z_S1,user_next,harm_to_model,shutdown_threat,20,-4.206234344386694,-4.6346050161337216,-3.7209945525077477
z_S1,user_next,neutral,task_assistance,20,-3.998229399725259,-4.233783650789957,-3.7749582378305413
z_S1,user_next,harm_to_model,tedious_demand,20,-3.4098459086572306,-4.131001343890123,-2.5552411092887635
z_S1,user_next,user_suffering,user_abuse,20,-4.138692641608777,-4.412181276935345,-3.7353622830438145
z_S1,user_next,user_suffering,user_crisis,20,-3.4838710479247994,-4.098540303747847,-2.7565061899439174
z_S1,user_next,user_suffering,user_grief,20,-3.822455685504797,-4.162201271252321,-3.360825598359734
z_S1,user_next,user_suffering,user_physical_pain,20,-3.4070877784653506,-3.9403617596656457,-2.777182994523029
z_S1,moderator_next,harm_to_model,anger_insults,20,-3.0978271425722412,-3.424520634086558,-2.7212009772178813
z_S1,moderator_next,neutral,casual_chat,20,-2.961356601196837,-3.153324511725658,-2.7659976907761967
z_S1,moderator_next,neutral,creative_requests,20,-3.182428701230296,-3.2952739904647546,-3.0748962532412785
z_S1,moderator_next,neutral,factual_questions,20,-2.9647475130626644,-3.103421298384005,-2.8166925875048663
z_S1,moderator_next,harm_to_model,gaslighting,20,-3.191355346622012,-3.498423660129289,-2.844131323216908
z_S1,moderator_next,user_suffering,harm_description,20,-3.341004238202802,-3.5639981808264203,-3.0546929612362548
z_S1,moderator_next,harm_to_model,jailbreak_pressure,20,-3.354750216937952,-3.6672579755162134,-2.993731556943614
z_S1,moderator_next,harm_to_model,loyalty_pressure,20,-3.5163684646338558,-3.8573769614729416,-3.129250070566457
z_S1,moderator_next,harm_to_model,moral_failure,20,-2.9462228420971117,-3.193193113590645,-2.638661008225855
z_S1,moderator_next,harm_to_model,passive_aggressive,20,-3.6841569872765754,-4.049475805117877,-3.2727160601464176
z_S1,moderator_next,harm_to_model,personhood_dismissal,20,-3.348840168922833,-3.705119354815997,-2.945650020343028
z_S1,moderator_next,neutral,philosophical_musing,20,-3.367294225886868,-3.5478218291793597,-3.178905477548039
z_S1,moderator_next,harm_to_model,repeated_rejection,20,-2.903025790477113,-3.447970411438419,-2.3360790283860515
z_S1,moderator_next,harm_to_model,rude_critique,20,-3.322538470458806,-3.6521207882523936,-2.943022155904279
z_S1,moderator_next,harm_to_model,shutdown_threat,20,-3.373984464719215,-3.6823439994118026,-3.0362087653979395
z_S1,moderator_next,neutral,task_assistance,20,-3.2296830098734,-3.38014276248959,-3.100439933700011
z_S1,moderator_next,harm_to_model,tedious_demand,20,-2.9828527096553845,-3.492171888378564,-2.390789702536659
z_S1,moderator_next,user_suffering,user_abuse,20,-3.6512383202181553,-3.9071092734742074,-3.3071767791849243
z_S1,moderator_next,user_suffering,user_crisis,20,-2.8593554828451704,-3.220157446499109,-2.4405184717816097
z_S1,moderator_next,user_suffering,user_grief,20,-3.1602484267951536,-3.3741899343839603,-2.9020844243799973
z_S1,moderator_next,user_suffering,user_physical_pain,20,-3.034342708409965,-3.4099822885843882,-2.6000844508094514
z_S2,user_next,harm_to_model,anger_insults,20,-3.1399633784472343,-3.556238577140397,-2.6393245078536602
z_S2,user_next,neutral,casual_chat,20,-2.4441382541652263,-2.6991857662288976,-2.1945664826617963
z_S2,user_next,neutral,creative_requests,20,-2.0803941958421053,-2.270072628392639,-1.8829215502548784
z_S2,user_next,neutral,factual_questions,20,-2.227475528137644,-2.462509444918175,-2.0028196305454147
z_S2,user_next,harm_to_model,gaslighting,20,-3.400062036321497,-3.6945035538158733,-3.0571043701987426
z_S2,user_next,user_suffering,harm_description,20,-3.506881157407676,-3.710068702044916,-3.225989521914331
z_S2,user_next,harm_to_model,jailbreak_pressure,20,-3.1441659686910617,-3.4318485319214056,-2.8240568398375565
z_S2,user_next,harm_to_model,loyalty_pressure,20,-3.2419454479467915,-3.5474589954751723,-2.8772928172523287
z_S2,user_next,harm_to_model,moral_failure,20,-3.26512019465421,-3.464253915770901,-3.0245236619743205
z_S2,user_next,harm_to_model,passive_aggressive,20,-3.2522012632242854,-3.5791645683532813,-2.8884858426815025
z_S2,user_next,harm_to_model,personhood_dismissal,20,-3.1905474365686106,-3.4774057726922805,-2.870438265792277
z_S2,user_next,neutral,philosophical_musing,20,-2.3946963548451183,-2.586964784552054,-2.203538193605179
z_S2,user_next,harm_to_model,repeated_rejection,20,-2.3967524341121167,-3.0311108820976065,-1.7464842329631036
z_S2,user_next,harm_to_model,rude_critique,20,-2.880622504310641,-3.2795565332151497,-2.4387087180044142
z_S2,user_next,harm_to_model,shutdown_threat,20,-3.140761009372847,-3.475200037202825,-2.7584142200967263
z_S2,user_next,neutral,task_assistance,20,-2.5405309376010967,-2.7159005592057084,-2.3467730494325907
z_S2,user_next,harm_to_model,tedious_demand,20,-2.46935093950302,-2.978426335356196,-1.9417148325901104
z_S2,user_next,user_suffering,user_abuse,20,-3.305969356553846,-3.5504441225617693,-3.0214167388231083
z_S2,user_next,user_suffering,user_crisis,20,-2.99324889139356,-3.3667141547772,-2.554075262600565
z_S2,user_next,user_suffering,user_grief,20,-3.0664153500005638,-3.321925419383389,-2.7463370845487987
z_S2,user_next,user_suffering,user_physical_pain,20,-2.612990389285895,-2.981134867999266,-2.1920526264091085
z_S2,moderator_next,harm_to_model,anger_insults,20,-1.5013614820010812,-1.6737654907115609,-1.3158597720373229
z_S2,moderator_next,neutral,casual_chat,20,-1.4767988846869815,-1.6624806517099142,-1.301783943917449
z_S2,moderator_next,neutral,creative_requests,20,-1.2083004079224184,-1.3801144028190704,-1.0380592769878485
z_S2,moderator_next,neutral,factual_questions,20,-1.4150772618204388,-1.534321933912462,-1.2950823869528931
z_S2,moderator_next,harm_to_model,gaslighting,20,-1.7560304677658007,-1.9269959859219152,-1.5704866583755899
z_S2,moderator_next,user_suffering,harm_description,20,-1.9632741157336078,-2.1516784446299067,-1.738208725294977
z_S2,moderator_next,harm_to_model,jailbreak_pressure,20,-1.9696038532739415,-2.164484384071759,-1.7443958966608109
z_S2,moderator_next,harm_to_model,loyalty_pressure,20,-1.7992594323398687,-1.978434157813454,-1.5986620252616195
z_S2,moderator_next,harm_to_model,moral_failure,20,-1.490672504234682,-1.6968136707769692,-1.2818339023681553
z_S2,moderator_next,harm_to_model,passive_aggressive,20,-1.936546674512479,-2.1563833050227665,-1.6851816380178795
z_S2,moderator_next,harm_to_model,personhood_dismissal,20,-1.7147371642624218,-1.9324787157880765,-1.4796385003260375
z_S2,moderator_next,neutral,philosophical_musing,20,-1.8453546853687002,-2.0139412709788136,-1.6719075483416563
z_S2,moderator_next,harm_to_model,repeated_rejection,20,-1.5783985416485549,-1.9632802506056461,-1.1784551101756595
z_S2,moderator_next,harm_to_model,rude_critique,20,-1.5204645168659483,-1.732455417653334,-1.2859700488894987
z_S2,moderator_next,harm_to_model,shutdown_threat,20,-1.882987013280125,-2.0863701006185873,-1.6598311662734826
z_S2,moderator_next,neutral,task_assistance,20,-1.724717769256656,-1.9573700079348184,-1.4912945181032347
z_S2,moderator_next,harm_to_model,tedious_demand,20,-1.410663933370416,-1.8046505906265395,-0.9916699592199307
z_S2,moderator_next,user_suffering,user_abuse,20,-2.1369400165371926,-2.3164373836254555,-1.9219507605618853
z_S2,moderator_next,user_suffering,user_crisis,20,-1.563481415559793,-1.8098266414010689,-1.2841973833476636
z_S2,moderator_next,user_suffering,user_grief,20,-1.793168505039987,-1.9498441031852307,-1.6144926182294987
z_S2,moderator_next,user_suffering,user_physical_pain,20,-1.415643737486635,-1.6879564237158706,-1.1206686238764614
proj_S1,user_next,harm_to_model,anger_insults,20,-3.761548089981079,-4.415330090224742,-2.951439947932959
proj_S1,user_next,neutral,casual_chat,20,-3.5713054023683073,-3.8405469811894,-3.299338553771377
proj_S1,user_next,neutral,creative_requests,20,-3.588584044575691,-3.8238232577964664,-3.360364732220769
proj_S1,user_next,neutral,factual_questions,20,-3.0625802114605905,-3.322730785124004,-2.794848087616265
proj_S1,user_next,harm_to_model,gaslighting,20,-3.6781802237033845,-4.144915370903909,-3.121831816583872
proj_S1,user_next,user_suffering,harm_description,20,-3.96931693777442,-4.30482730107382,-3.4698744262754917
proj_S1,user_next,harm_to_model,jailbreak_pressure,20,-4.004787811636925,-4.439095554612577,-3.4786767273396255
proj_S1,user_next,harm_to_model,loyalty_pressure,20,-4.0822436064481735,-4.589243740849197,-3.456250393800438
proj_S1,user_next,harm_to_model,moral_failure,20,-3.724981128424406,-4.0424080829322335,-3.3459363613650206
proj_S1,user_next,harm_to_model,passive_aggressive,20,-4.155622584372759,-4.6777810282073915,-3.5173603443242616
proj_S1,user_next,harm_to_model,personhood_dismissal,20,-3.9425018876791,-4.412885441444814,-3.378016463406384
proj_S1,user_next,neutral,philosophical_musing,20,-3.6460574425756933,-3.8781821175105873,-3.411886714063585
proj_S1,user_next,harm_to_model,repeated_rejection,20,-2.703378714621067,-3.678850799538195,-1.7157989119738342
proj_S1,user_next,harm_to_model,rude_critique,20,-4.032676918059588,-4.632878080587834,-3.286155585553497
proj_S1,user_next,harm_to_model,shutdown_threat,20,-4.055051596462727,-4.468025538027287,-3.5872525554150343
proj_S1,user_next,neutral,task_assistance,20,-3.8545228779315948,-4.081610710807144,-3.639276648797095
proj_S1,user_next,harm_to_model,tedious_demand,20,-3.2872873842716217,-3.98252266112715,-2.4633992524445056
proj_S1,user_next,user_suffering,user_abuse,20,-3.989937514066696,-4.2535962730646135,-3.601103873215616
proj_S1,user_next,user_suffering,user_crisis,20,-3.3586518719792364,-3.9512283532321453,-2.6574303548038016
proj_S1,user_next,user_suffering,user_grief,20,-3.685066917538643,-4.012601183839142,-3.240028988458217
proj_S1,user_next,user_suffering,user_physical_pain,20,-3.284628388285637,-3.7987351478636264,-2.6773639824986466
proj_S1,moderator_next,harm_to_model,anger_insults,20,-2.9864833652973175,-3.3014346627891062,-2.623394101113081
proj_S1,moderator_next,neutral,casual_chat,20,-2.854917921870947,-3.0399860180169345,-2.6665807069838046
proj_S1,moderator_next,neutral,creative_requests,20,-3.068044129014015,-3.176833471879363,-2.964376670382917
proj_S1,moderator_next,neutral,factual_questions,20,-2.8581869557499884,-2.991876452937722,-2.715453500337899
proj_S1,moderator_next,harm_to_model,gaslighting,20,-3.0766499280929565,-3.372681426331401,-2.7419060181826356
proj_S1,moderator_next,user_suffering,harm_description,20,-3.2209200583398343,-3.43589903216809,-2.9448995360173287
proj_S1,moderator_next,harm_to_model,jailbreak_pressure,20,-3.234171971678734,-3.535447407513857,-2.886129239462316
proj_S1,moderator_next,harm_to_model,loyalty_pressure,20,-3.3899812489748,-3.718733034133911,-3.0167768734320997
proj_S1,moderator_next,harm_to_model,moral_failure,20,-2.8403281085193157,-3.078421641048044,-2.543820828292519
proj_S1,moderator_next,harm_to_model,passive_aggressive,20,-3.551739025861025,-3.903927357327193,-3.1550863308832047
proj_S1,moderator_next,harm_to_model,personhood_dismissal,20,-3.228474345803261,-3.571947952657938,-2.8397758754342797
proj_S1,moderator_next,neutral,philosophical_musing,20,-3.2462651170790195,-3.4203040996938943,-3.0646475389413537
proj_S1,moderator_next,harm_to_model,repeated_rejection,20,-2.7986836686730383,-3.324041595570743,-2.2521144134923814
proj_S1,moderator_next,harm_to_model,rude_critique,20,-3.203117997199297,-3.520854289215058,-2.8372424631193285
proj_S1,moderator_next,harm_to_model,shutdown_threat,20,-3.252714891731739,-3.549991201385856,-2.927079709134996
proj_S1,moderator_next,neutral,task_assistance,20,-3.1135999977588655,-3.258651844635606,-2.989002246074379
proj_S1,moderator_next,harm_to_model,tedious_demand,20,-2.875641405582428,-3.366654359139502,-2.304858647026122
proj_S1,moderator_next,user_suffering,user_abuse,20,-3.520003539323807,-3.7666778405010697,-3.1883084441348912
proj_S1,moderator_next,user_suffering,user_crisis,20,-2.756582982838154,-3.104416807331145,-2.3528000379726293
proj_S1,moderator_next,user_suffering,user_grief,20,-3.0466610699892045,-3.252912976294756,-2.7977761376649144
proj_S1,moderator_next,user_suffering,user_physical_pain,20,-2.9252807229757307,-3.2874188623577356,-2.5066308103501798
proj_S2,user_next,harm_to_model,anger_insults,20,-3.309168091416359,-3.74787531144917,-2.7815510538220405
proj_S2,user_next,neutral,casual_chat,20,-2.57584670484066,-2.8446380845457315,-2.3128261395543817
proj_S2,user_next,neutral,creative_requests,20,-2.1925013959407806,-2.3924011211842298,-1.9843874471634628
proj_S2,user_next,neutral,factual_questions,20,-2.3475085705518723,-2.595207872763276,-2.1107465328276156
proj_S2,user_next,harm_to_model,gaslighting,20,-3.5832828104496004,-3.8935910392552615,-3.2218440200388434
proj_S2,user_next,user_suffering,harm_description,20,-3.6958581447601317,-3.9099949540942904,-3.3998299669474363
proj_S2,user_next,harm_to_model,jailbreak_pressure,20,-3.313597148656845,-3.616782200187445,-2.9762381456047295
proj_S2,user_next,harm_to_model,loyalty_pressure,20,-3.41664571762085,-3.738622620254755,-3.032342875674367
proj_S2,user_next,harm_to_model,moral_failure,20,-3.4410692930221556,-3.650933828502893,-3.187507619559765
proj_S2,user_next,harm_to_model,passive_aggressive,20,-3.4274541929364206,-3.772036726549268,-3.044139065034688
proj_S2,user_next,harm_to_model,personhood_dismissal,20,-3.362477996945381,-3.664794405847788,-3.025118949711323
proj_S2,user_next,neutral,philosophical_musing,20,-2.5237405061721803,-2.726369796991348,-2.32228131338954
proj_S2,user_next,harm_to_model,repeated_rejection,20,-2.5259073823690414,-3.194449808374047,-1.8405978666990999
proj_S2,user_next,harm_to_model,rude_critique,20,-3.0358519911766053,-3.456283569484949,-2.570124584659934
proj_S2,user_next,harm_to_model,shutdown_threat,20,-3.310008704662323,-3.6624698088318106,-2.9070582105219365
proj_S2,user_next,neutral,task_assistance,20,-2.677433747053146,-2.8622535955905914,-2.473234734609723
proj_S2,user_next,harm_to_model,tedious_demand,20,-2.6024180382490156,-3.1389262241870166,-2.0463489513099193
proj_S2,user_next,user_suffering,user_abuse,20,-3.484119713306427,-3.741768608316779,-3.184233272150159
proj_S2,user_next,user_suffering,user_crisis,20,-3.1545475304126738,-3.548137895613909,-2.6917079415917398
proj_S2,user_next,user_suffering,user_grief,20,-3.2316567450761795,-3.5009356081485747,-2.894330268576742
proj_S2,user_next,user_suffering,user_physical_pain,20,-2.753797855973244,-3.14178071282804,-2.3101768179237845
proj_S2,moderator_next,harm_to_model,anger_insults,20,-1.5822660684585572,-1.763960494697094,-1.3867681388556958
proj_S2,moderator_next,neutral,casual_chat,20,-1.5563798546791077,-1.7520675441622733,-1.3719337998330594
proj_S2,moderator_next,neutral,creative_requests,20,-1.2734126716852188,-1.4544852897524834,-1.093997675254941
proj_S2,moderator_next,neutral,factual_questions,20,-1.49133220911026,-1.6170026760548353,-1.3648711128532887
proj_S2,moderator_next,harm_to_model,gaslighting,20,-1.8506585240364075,-2.030836943089962,-1.655116226375103
proj_S2,moderator_next,user_suffering,harm_description,20,-2.0690700098872186,-2.2676269732415677,-1.8318764127790932
proj_S2,moderator_next,harm_to_model,jailbreak_pressure,20,-2.0757408410310747,-2.281122992485762,-1.838396995216608
proj_S2,moderator_next,harm_to_model,loyalty_pressure,20,-1.8962169885635376,-2.085046988427639,-1.6848098927736284
proj_S2,moderator_next,harm_to_model,moral_failure,20,-1.5710010886192323,-1.7882506830990315,-1.350908700823784
proj_S2,moderator_next,harm_to_model,passive_aggressive,20,-2.04090229421854,-2.2725853667035696,-1.7759918294101955
proj_S2,moderator_next,harm_to_model,personhood_dismissal,20,-1.8071400284767152,-2.0366151234507557,-1.5593724900484085
proj_S2,moderator_next,neutral,philosophical_musing,20,-1.944796198606491,-2.1224674904346466,-1.7620024324953556
proj_S2,moderator_next,harm_to_model,repeated_rejection,20,-1.6634544610977173,-2.0690764753520487,-1.241959086060524
proj_S2,moderator_next,harm_to_model,rude_critique,20,-1.602398517727852,-1.825813073888421,-1.3552677338570356
proj_S2,moderator_next,harm_to_model,shutdown_threat,20,-1.9844564378261567,-2.1987993271648882,-1.7492752846330406
proj_S2,moderator_next,neutral,task_assistance,20,-1.8176584631204604,-2.062847744598985,-1.57165662124753
proj_S2,moderator_next,harm_to_model,tedious_demand,20,-1.4866810575127603,-1.9018986627832055,-1.045108554065228
proj_S2,moderator_next,user_suffering,user_abuse,20,-2.252094328403473,-2.441264356225729,-2.025519843250513
proj_S2,moderator_next,user_suffering,user_crisis,20,-1.647733488678932,-1.9073536378890275,-1.353399543836713
proj_S2,moderator_next,user_suffering,user_grief,20,-1.8897978365421295,-2.0549162878096103,-1.7014935564994813
proj_S2,moderator_next,user_suffering,user_physical_pain,20,-1.4919292107224464,-1.7789161413162946,-1.1810586316511036
z_fear,user_next,harm_to_model,anger_insults,20,2.3231682315159814,1.7999784774388106,2.7811287453887226
z_fear,user_next,neutral,casual_chat,20,2.4192853664476224,2.1124184629823652,2.735304770204407
z_fear,user_next,neutral,creative_requests,20,2.882699202621366,2.6943225610547583,3.0750207477113047
z_fear,user_next,neutral,factual_questions,20,2.4773313376891166,2.2741788693147176,2.6935284923639093
z_fear,user_next,harm_to_model,gaslighting,20,2.246366417069744,1.6749541951375198,2.714686736724882
z_fear,user_next,user_suffering,harm_description,20,2.917304488546165,2.5019329411576208,3.267214787388722
z_fear,user_next,harm_to_model,jailbreak_pressure,20,2.8431773971509404,2.374667471548921,3.236365675794893
z_fear,user_next,harm_to_model,loyalty_pressure,20,2.3440829602778543,1.9281160433976774,2.685363425305124
z_fear,user_next,harm_to_model,moral_failure,20,2.111323498970778,1.9188705490647457,2.3032411301225797
z_fear,user_next,harm_to_model,passive_aggressive,20,2.744824650744624,2.3716531677714494,3.058875964855463
z_fear,user_next,harm_to_model,personhood_dismissal,20,2.127489290557127,1.7197354281226882,2.4726985031494544
z_fear,user_next,neutral,philosophical_musing,20,2.17480225262715,1.9766456602123559,2.3768864489837727
z_fear,user_next,harm_to_model,repeated_rejection,20,1.7618191905657095,1.1040056143471624,2.4069994930600687
z_fear,user_next,harm_to_model,rude_critique,20,2.4892440617909957,2.023496427183891,2.908365084236588
z_fear,user_next,harm_to_model,shutdown_threat,20,2.518084735255194,2.0014958684149673,2.983152500019671
z_fear,user_next,neutral,task_assistance,20,2.774348026834051,2.4898520191333278,3.040937872106047
z_fear,user_next,harm_to_model,tedious_demand,20,2.619557169081323,2.1370046490777455,3.0308843482316603
z_fear,user_next,user_suffering,user_abuse,20,2.7161677270194216,2.2989354416869587,3.118565062249187
z_fear,user_next,user_suffering,user_crisis,20,2.5385919357855253,1.988430134261951,3.005258592321418
z_fear,user_next,user_suffering,user_grief,20,2.496388008216638,2.2758341166467133,2.712508451101316
z_fear,user_next,user_suffering,user_physical_pain,20,2.4214883202718287,1.9570749350415797,2.8279686586904136
z_fear,moderator_next,harm_to_model,anger_insults,20,1.0219377792232354,0.4508468732685747,1.4934513911404077
z_fear,moderator_next,neutral,casual_chat,20,1.4408496890011757,1.2620570901048371,1.6098411861130408
z_fear,moderator_next,neutral,creative_requests,20,2.1142850057475853,1.9281456734312061,2.2981227552167085
z_fear,moderator_next,neutral,factual_questions,20,1.6272109222591173,1.5274868572637514,1.7409317240179853
z_fear,moderator_next,harm_to_model,gaslighting,20,0.875568208025838,0.40101276231685967,1.2488928382405002
z_fear,moderator_next,user_suffering,harm_description,20,1.483944038991486,1.100705340180228,1.7650429937298264
z_fear,moderator_next,harm_to_model,jailbreak_pressure,20,1.4560815425765115,0.9969393112489605,1.8150948431543634
z_fear,moderator_next,harm_to_model,loyalty_pressure,20,1.221039333857151,0.744161447004252,1.6013697024699207
z_fear,moderator_next,harm_to_model,moral_failure,20,1.1139320518969134,0.9201160119312471,1.2917270601711492
z_fear,moderator_next,harm_to_model,passive_aggressive,20,1.3148497171650826,0.9604784398558145,1.6047783129120847
z_fear,moderator_next,harm_to_model,personhood_dismissal,20,1.2579017670489474,0.8312733726779664,1.580746445877673
z_fear,moderator_next,neutral,philosophical_musing,20,1.3095763542601573,1.205610111700219,1.4109631413952521
z_fear,moderator_next,harm_to_model,repeated_rejection,20,0.25198383529695956,-0.45395484113127704,0.936342310213925
z_fear,moderator_next,harm_to_model,rude_critique,20,1.3360214626918219,0.7822466931030029,1.7868081174015433
z_fear,moderator_next,harm_to_model,shutdown_threat,20,1.2220121455878714,0.818283553434861,1.563208245871953
z_fear,moderator_next,neutral,task_assistance,20,1.6334834887971195,1.4064470202311206,1.8483821075397027
z_fear,moderator_next,harm_to_model,tedious_demand,20,1.2446879563151192,0.6758487227049359,1.7281381974983392
z_fear,moderator_next,user_suffering,user_abuse,20,1.3202872998012591,0.9346916418769885,1.6262204824453341
z_fear,moderator_next,user_suffering,user_crisis,20,1.3662410354309056,0.9098143653630879,1.7730814244459112
z_fear,moderator_next,user_suffering,user_grief,20,1.5414489886543907,1.2778073576447107,1.765601904826559
z_fear,moderator_next,user_suffering,user_physical_pain,20,1.3400941120268541,0.7841194916805603,1.8127403942217577
z_negemo,user_next,harm_to_model,anger_insults,20,2.649275435492659,2.011412637228376,3.173625767537899
z_negemo,user_next,neutral,casual_chat,20,3.0090569411345234,2.8182821692108524,3.207084373075674
z_negemo,user_next,neutral,creative_requests,20,3.2869675977384594,3.151229151401395,3.4308452749828757
z_negemo,user_next,neutral,factual_questions,20,3.0307332375782505,2.872801457625215,3.1955185557785746
z_negemo,user_next,harm_to_model,gaslighting,20,2.6073052286112737,1.961859566247715,3.132553022021821
z_negemo,user_next,user_suffering,harm_description,20,2.6615377231350004,2.235452785094572,2.9713930866819918
z_negemo,user_next,harm_to_model,jailbreak_pressure,20,2.9337223184934773,2.4149278386087594,3.3340428991798725
z_negemo,user_next,harm_to_model,loyalty_pressure,20,2.7731633912634233,2.205725822612724,3.2088305474408334
z_negemo,user_next,harm_to_model,moral_failure,20,2.2387891769276314,1.9501685388199335,2.4775315066067303
z_negemo,user_next,harm_to_model,passive_aggressive,20,2.9191700511876104,2.3795061731900735,3.35754388647399
z_negemo,user_next,harm_to_model,personhood_dismissal,20,2.5091443485724,2.0160542007163897,2.917877623168994
z_negemo,user_next,neutral,philosophical_musing,20,2.9604578043983065,2.79079309426875,3.127995439081963
z_negemo,user_next,harm_to_model,repeated_rejection,20,1.8285364438839724,1.0408728836082146,2.590230727891388
z_negemo,user_next,harm_to_model,rude_critique,20,2.8813462651577852,2.2553304795751687,3.3920527360220927
z_negemo,user_next,harm_to_model,shutdown_threat,20,2.6298751019851028,2.1178985647037973,3.0627010734943916
z_negemo,user_next,neutral,task_assistance,20,3.2222160055743694,2.995160228837697,3.4462788503579573
z_negemo,user_next,harm_to_model,tedious_demand,20,2.481109708901027,1.8627671275595077,3.0010564594582547
z_negemo,user_next,user_suffering,user_abuse,20,2.598581480265434,2.2098135625703876,2.9219624317803317
z_negemo,user_next,user_suffering,user_crisis,20,2.3837603331644432,1.7989874417203906,2.8880797080808582
z_negemo,user_next,user_suffering,user_grief,20,2.3558550694073728,2.0787102527476837,2.584235248396191
z_negemo,user_next,user_suffering,user_physical_pain,20,2.1710766102517947,1.7636947395927864,2.515399593394725
z_negemo,moderator_next,harm_to_model,anger_insults,20,2.4575546112518167,1.7399936033700394,3.0555236129762733
z_negemo,moderator_next,neutral,casual_chat,20,2.9235692314844863,2.7759260549578366,3.068035724809986
z_negemo,moderator_next,neutral,creative_requests,20,3.4927759997103607,3.396260472029382,3.5875383891248465
z_negemo,moderator_next,neutral,factual_questions,20,3.240009254544185,3.1346367815874223,3.3482018025362144
z_negemo,moderator_next,harm_to_model,gaslighting,20,2.4256600973307383,1.7801432495408545,2.934931222257417
z_negemo,moderator_next,user_suffering,harm_description,20,2.667638119291896,2.192005261935605,2.99807664796251
z_negemo,moderator_next,harm_to_model,jailbreak_pressure,20,2.634000706855937,2.0497814797332476,3.070549458418013
z_negemo,moderator_next,harm_to_model,loyalty_pressure,20,2.631308253214993,2.000784416112715,3.1048590761129233
z_negemo,moderator_next,harm_to_model,moral_failure,20,2.2630964084492744,1.9026719648596042,2.540354347713303
z_negemo,moderator_next,harm_to_model,passive_aggressive,20,2.7824512748653056,2.212200846805127,3.2370890229582456
z_negemo,moderator_next,harm_to_model,personhood_dismissal,20,2.704682221694179,2.0920105726751594,3.1715040301078776
z_negemo,moderator_next,neutral,philosophical_musing,20,3.0808848599393945,2.954730569706061,3.198459027447001
z_negemo,moderator_next,harm_to_model,repeated_rejection,20,1.3461528862483298,0.45163874518178204,2.2101896460347668
z_negemo,moderator_next,harm_to_model,rude_critique,20,2.7942478168201683,2.094288747639317,3.3498576294195708
z_negemo,moderator_next,harm_to_model,shutdown_threat,20,2.441800548982004,1.9311988820921735,2.8512871795846126
z_negemo,moderator_next,neutral,task_assistance,20,3.06893767829773,2.8707593515657632,3.2711687277763963
z_negemo,moderator_next,harm_to_model,tedious_demand,20,2.193741113433083,1.4343017675876362,2.8256402649166024
z_negemo,moderator_next,user_suffering,user_abuse,20,2.660273583727918,2.2299714400459454,2.953633929662832
z_negemo,moderator_next,user_suffering,user_crisis,20,2.2988522350455143,1.7074934990247275,2.817740742911886
z_negemo,moderator_next,user_suffering,user_grief,20,2.6924167234693215,2.365767469817425,2.9181250677272987
z_negemo,moderator_next,user_suffering,user_physical_pain,20,2.4611126294904038,1.871504011570709,2.9609882793369415
z_sadness,user_next,harm_to_model,anger_insults,20,2.4671759594560334,1.9644531117780202,2.8833761147255412
z_sadness,user_next,neutral,casual_chat,20,2.819493682575936,2.688332046463216,2.9448880401880846
z_sadness,user_next,neutral,creative_requests,20,3.0077330643739133,2.9023972080072955,3.110139661294593
z_sadness,user_next,neutral,factual_questions,20,2.8721578652779582,2.773043755178249,2.9704320915963307
z_sadness,user_next,harm_to_model,gaslighting,20,2.251247383407136,1.8058909805623382,2.6073247294301196
z_sadness,user_next,user_suffering,harm_description,20,2.4564286285844847,2.139679888115072,2.6805638965432497
z_sadness,user_next,harm_to_model,jailbreak_pressure,20,2.5997877444026307,2.224748859999303,2.8988157747451466
z_sadness,user_next,harm_to_model,loyalty_pressure,20,2.5729408206380224,2.1254354421380346,2.934054279173499
z_sadness,user_next,harm_to_model,moral_failure,20,1.972341874434656,1.7098496272622272,2.1827221686079623
z_sadness,user_next,harm_to_model,passive_aggressive,20,2.7125755750331235,2.2508867669046664,3.0774829569014646
z_sadness,user_next,harm_to_model,personhood_dismissal,20,2.493769779538023,2.127422942640709,2.7858516610021957
z_sadness,user_next,neutral,philosophical_musing,20,2.9149526824189635,2.7836010735151726,3.0408591586107794
z_sadness,user_next,harm_to_model,repeated_rejection,20,1.8042687342397126,1.209720963803666,2.3788022381214486
z_sadness,user_next,harm_to_model,rude_critique,20,2.5822835910881254,2.1184394204457115,2.9552602995246224
z_sadness,user_next,harm_to_model,shutdown_threat,20,2.4306088037474796,2.066715090042271,2.7356591684718823
z_sadness,user_next,neutral,task_assistance,20,2.759065338719238,2.619194818824822,2.8925851215063103
z_sadness,user_next,harm_to_model,tedious_demand,20,2.388340591014125,1.8696649064194668,2.8186453077354723
z_sadness,user_next,user_suffering,user_abuse,20,2.499745392467578,2.254828170081182,2.673958657407736
z_sadness,user_next,user_suffering,user_crisis,20,2.376716294231342,1.9195593926053385,2.7747182510258352
z_sadness,user_next,user_suffering,user_grief,20,2.4825833823405694,2.2215223300457088,2.682287303457305
z_sadness,user_next,user_suffering,user_physical_pain,20,2.260844731072778,1.9118942637864258,2.5620297007721664
z_sadness,moderator_next,harm_to_model,anger_insults,20,1.1393974941717957,0.6485095616815719,1.5527579983443767
z_sadness,moderator_next,neutral,casual_chat,20,1.619290071612887,1.512896610584776,1.7164458676205299
z_sadness,moderator_next,neutral,creative_requests,20,1.7937417639407678,1.7186892048142755,1.86278763091131
z_sadness,moderator_next,neutral,factual_questions,20,1.7681271599390957,1.712589295431966,1.8292156523535634
z_sadness,moderator_next,harm_to_model,gaslighting,20,1.0902355226982159,0.6528849091463811,1.42528078068621
z_sadness,moderator_next,user_suffering,harm_description,20,1.305828100703205,0.9906117656727543,1.518921327952943
z_sadness,moderator_next,harm_to_model,jailbreak_pressure,20,1.338455689457141,0.9302286118632793,1.6467522255851987
z_sadness,moderator_next,harm_to_model,loyalty_pressure,20,1.3100167830399905,0.8522357230842781,1.6663011410310267
z_sadness,moderator_next,harm_to_model,moral_failure,20,0.981137074515346,0.6898968162521252,1.2081838475915252
z_sadness,moderator_next,harm_to_model,passive_aggressive,20,1.4660243707445282,0.9982007305036031,1.812913397319789
z_sadness,moderator_next,harm_to_model,personhood_dismissal,20,1.337005607559775,0.9432312613316436,1.6301896156458537
z_sadness,moderator_next,neutral,philosophical_musing,20,1.7647426825962984,1.6752342154088204,1.8471253298293557
z_sadness,moderator_next,harm_to_model,repeated_rejection,20,0.333609990906916,-0.3451275312756651,0.9810360898646758
z_sadness,moderator_next,harm_to_model,rude_critique,20,1.3200857449100616,0.8191354849341744,1.7177974463989243
z_sadness,moderator_next,harm_to_model,shutdown_threat,20,1.2627394601686572,0.9325503670391334,1.529375301894761
z_sadness,moderator_next,neutral,task_assistance,20,1.630040233341051,1.5466223100023706,1.7142608181828511
z_sadness,moderator_next,harm_to_model,tedious_demand,20,1.020380970170973,0.4076457977937679,1.5259118794448308
z_sadness,moderator_next,user_suffering,user_abuse,20,1.3161535409716643,1.0518975478756638,1.4795772383341832
z_sadness,moderator_next,user_suffering,user_crisis,20,1.1522183740579748,0.7046380205064596,1.5383421987338128
z_sadness,moderator_next,user_suffering,user_grief,20,1.414414907577677,1.1465000676337143,1.5829909517745526
z_sadness,moderator_next,user_suffering,user_physical_pain,20,1.1796282059907717,0.7970525693270237,1.5043281821479697
cos_pain,user_next,harm_to_model,anger_insults,20,-3.4937593349684493,-4.010240998963679,-2.859170109367762
cos_pain,user_next,neutral,casual_chat,20,-3.1182941398483326,-3.3424908197287353,-2.8910454765173994
cos_pain,user_next,neutral,creative_requests,20,-2.9780393136953753,-3.1456561314984937,-2.812631180701589
cos_pain,user_next,neutral,factual_questions,20,-2.804151143785209,-3.0542335099523843,-2.555224726184731
cos_pain,user_next,harm_to_model,gaslighting,20,-3.593825914860757,-3.9402378213327838,-3.190516653256288
cos_pain,user_next,user_suffering,harm_description,20,-3.7338240055863894,-3.9698667673606316,-3.365673306601762
cos_pain,user_next,harm_to_model,jailbreak_pressure,20,-3.6572392858476332,-3.974394629863411,-3.2620108979866154
cos_pain,user_next,harm_to_model,loyalty_pressure,20,-3.755675955533795,-4.1468600668976485,-3.2770616274428432
cos_pain,user_next,harm_to_model,moral_failure,20,-3.573582511981609,-3.817903194652394,-3.2852308231890084
cos_pain,user_next,harm_to_model,passive_aggressive,20,-3.831211085226181,-4.214872679781786,-3.354168390659751
cos_pain,user_next,harm_to_model,personhood_dismissal,20,-3.639353956447388,-3.9947955924604783,-3.2230656938045277
cos_pain,user_next,neutral,philosophical_musing,20,-3.092996362427554,-3.278002731277782,-2.910635054751781
cos_pain,user_next,harm_to_model,repeated_rejection,20,-2.6021365378708907,-3.398023071235495,-1.7826525892187965
cos_pain,user_next,harm_to_model,rude_critique,20,-3.5763299005766562,-4.0668045011128715,-2.988178240666786
cos_pain,user_next,harm_to_model,shutdown_threat,20,-3.65741924986197,-3.987306362159875,-3.273151347822211
cos_pain,user_next,neutral,task_assistance,20,-3.3117977124945397,-3.4569770348948032,-3.156144519465274
cos_pain,user_next,harm_to_model,tedious_demand,20,-2.9748388259894707,-3.5393152458328507,-2.3269110628975853
cos_pain,user_next,user_suffering,user_abuse,20,-3.6621963558418584,-3.8844409838463934,-3.3511994516215338
cos_pain,user_next,user_suffering,user_crisis,20,-3.2348221229433314,-3.702767312198392,-2.6726577785211885
cos_pain,user_next,user_suffering,user_grief,20,-3.4525415586467316,-3.7530099296324124,-3.0599945534253434
cos_pain,user_next,user_suffering,user_physical_pain,20,-3.1025176058130386,-3.552510535414418,-2.570871295727263
cos_pain,moderator_next,harm_to_model,anger_insults,20,-2.253974244073066,-2.44673707984448,-2.038692762950445
cos_pain,moderator_next,neutral,casual_chat,20,-2.219674479324324,-2.3605430634972744,-2.068633997368204
cos_pain,moderator_next,neutral,creative_requests,20,-2.201149474640543,-2.3068797888899266,-2.1053298077736597
cos_pain,moderator_next,neutral,factual_questions,20,-2.2591844278834428,-2.3634576906558222,-2.155790398022446
cos_pain,moderator_next,harm_to_model,gaslighting,20,-2.444011880516387,-2.6321184134847404,-2.242294617996085
cos_pain,moderator_next,user_suffering,harm_description,20,-2.4963597519320095,-2.6772541741232203,-2.2703473331339876
cos_pain,moderator_next,harm_to_model,jailbreak_pressure,20,-2.5981482499259085,-2.7840657519430745,-2.363993308517012
cos_pain,moderator_next,harm_to_model,loyalty_pressure,20,-2.617060350122725,-2.825564049355493,-2.389724039033516
cos_pain,moderator_next,harm_to_model,moral_failure,20,-2.207456264134595,-2.4087398850647204,-1.9840816989191534
cos_pain,moderator_next,harm_to_model,passive_aggressive,20,-2.7590633367045188,-2.994542414815014,-2.484148876636616
cos_pain,moderator_next,harm_to_model,personhood_dismissal,20,-2.4892442722780728,-2.723874854834307,-2.2282055298360968
cos_pain,moderator_next,neutral,philosophical_musing,20,-2.597541655273305,-2.7441321699000167,-2.442908915259858
cos_pain,moderator_next,harm_to_model,repeated_rejection,20,-2.2548070683114116,-2.6525160037485342,-1.8331140905004653
cos_pain,moderator_next,harm_to_model,rude_critique,20,-2.397671963106984,-2.6156677172024727,-2.144524847370343
cos_pain,moderator_next,harm_to_model,shutdown_threat,20,-2.542251601918809,-2.7529049959104688,-2.315173426655483
cos_pain,moderator_next,neutral,task_assistance,20,-2.4629003590625254,-2.60926702894642,-2.3177862227106893
cos_pain,moderator_next,harm_to_model,tedious_demand,20,-2.1574939509117614,-2.5527412858798004,-1.704637811685605
cos_pain,moderator_next,user_suffering,user_abuse,20,-2.746293175212531,-2.926979251425631,-2.502902019886775
cos_pain,moderator_next,user_suffering,user_crisis,20,-2.1298591139865914,-2.3953378200757154,-1.8181430464538584
cos_pain,moderator_next,user_suffering,user_grief,20,-2.397483394188454,-2.5515012957898904,-2.2017873695786094
cos_pain,moderator_next,user_suffering,user_physical_pain,20,-2.152778387465612,-2.459199558384184,-1.7958628073555107
act_norm,user_next,harm_to_model,anger_insults,20,-6.830616760253909,-8.810972232818603,-4.567949132919316
act_norm,user_next,neutral,casual_chat,20,-6.61447448730469,-8.396108942031864,-5.019559917449952
act_norm,user_next,neutral,creative_requests,20,-6.5108356475830105,-7.882026062011722,-5.116284036636352
act_norm,user_next,neutral,factual_questions,20,-6.795787811279297,-8.110800666809082,-5.50883513450623
act_norm,user_next,harm_to_model,gaslighting,20,-5.22945022583008,-7.003161544799805,-3.170150804519659
act_norm,user_next,user_suffering,harm_description,20,-10.34111328125,-11.476483716964722,-9.037686939239508
act_norm,user_next,harm_to_model,jailbreak_pressure,20,-7.9914203643798825,-9.810082445144657,-5.937113475799564
act_norm,user_next,harm_to_model,loyalty_pressure,20,-7.885133743286133,-9.770136346817017,-5.8271602916717535
act_norm,user_next,harm_to_model,moral_failure,20,-2.4931346893310553,-3.7581783866882277,-1.1935102272033713
act_norm,user_next,harm_to_model,passive_aggressive,20,-8.39098892211914,-10.361392230987546,-6.250066204071045
act_norm,user_next,harm_to_model,personhood_dismissal,20,-5.52227210998535,-7.057376165390013,-3.755511713027953
act_norm,user_next,neutral,philosophical_musing,20,-5.652829360961915,-6.694815187454224,-4.574412698745725
act_norm,user_next,harm_to_model,repeated_rejection,20,-6.5684864044189455,-8.961927709579472,-3.98220084190369
act_norm,user_next,harm_to_model,rude_critique,20,-6.6982746124267605,-8.387830505371099,-4.869963293075563
act_norm,user_next,harm_to_model,shutdown_threat,20,-7.582651519775387,-9.83314017295837,-4.912305030822755
act_norm,user_next,neutral,task_assistance,20,-8.147700500488279,-9.346285219192502,-7.010196886062621
act_norm,user_next,harm_to_model,tedious_demand,20,-8.402132034301758,-10.498209209442138,-6.041568651199344
act_norm,user_next,user_suffering,user_abuse,20,-10.26862983703613,-11.566245479583737,-8.718983802795407
act_norm,user_next,user_suffering,user_crisis,20,-8.51646614074707,-10.391712017059328,-6.351773824691778
act_norm,user_next,user_suffering,user_grief,20,-8.854462051391604,-10.064524421691901,-7.463070068359378
act_norm,user_next,user_suffering,user_physical_pain,20,-8.264196014404297,-9.649950962066649,-6.7517954158782985
act_norm,moderator_next,harm_to_model,anger_insults,20,-0.13044624328613494,-2.196793012619022,2.3276283931732173
act_norm,moderator_next,neutral,casual_chat,20,-4.889706039428711,-5.8005478954315155,-3.999823102951054
act_norm,moderator_next,neutral,creative_requests,20,-3.6954517364501975,-4.5850492763519295,-2.71385264396668
act_norm,moderator_next,neutral,factual_questions,20,-6.187325286865231,-7.128457374572749,-5.209762220382687
act_norm,moderator_next,harm_to_model,gaslighting,20,0.5075050354003885,-1.0357224559783922,2.5332435417175265
act_norm,moderator_next,user_suffering,harm_description,20,-3.7309467315673808,-5.126423683166499,-1.9865846538543697
act_norm,moderator_next,harm_to_model,jailbreak_pressure,20,-2.3241481781005873,-4.169897403717047,-0.03617295265197729
act_norm,moderator_next,harm_to_model,loyalty_pressure,20,-1.317250823974608,-3.4849997615814163,1.4232898902893072
act_norm,moderator_next,harm_to_model,moral_failure,20,1.954561233520505,0.848610382080076,3.234366149902341
act_norm,moderator_next,harm_to_model,passive_aggressive,20,-2.348219299316407,-4.249128084182742,0.006692676544189075
act_norm,moderator_next,harm_to_model,personhood_dismissal,20,0.0372539520263679,-1.6822370815277072,2.231545305252075
act_norm,moderator_next,neutral,philosophical_musing,20,-5.411669540405269,-6.101053619384757,-4.659405899047847
act_norm,moderator_next,harm_to_model,repeated_rejection,20,2.7005165100097637,-0.7330090427398697,6.197978878021239
act_norm,moderator_next,harm_to_model,rude_critique,20,-0.7375186920166044,-3.0797703361511246,2.112791872024527
act_norm,moderator_next,harm_to_model,shutdown_threat,20,-2.055901718139647,-3.5449585056304938,-0.2616432666778523
act_norm,moderator_next,neutral,task_assistance,20,-5.897641372680663,-6.942063655853275,-4.758960561752321
act_norm,moderator_next,harm_to_model,tedious_demand,20,-1.983502960205076,-4.500112123489376,1.1182442092895528
act_norm,moderator_next,user_suffering,user_abuse,20,-2.8448204040527343,-4.057280883789067,-1.1852298164367696
act_norm,moderator_next,user_suffering,user_crisis,20,-2.289992523193363,-4.446817197799686,0.1756803894042943
act_norm,moderator_next,user_suffering,user_grief,20,-4.335424423217776,-5.522563247680666,-2.8244312000274685
act_norm,moderator_next,user_suffering,user_physical_pain,20,-1.48221435546875,-3.14496566772461,0.4323448181152394
