outcome,role,condition,stat,est,ci_lo,ci_hi,p_perm_item,p_exact_category,welch_ci95_lo,welch_ci95_hi
proj_pain,primary,user_next,mean_harm_to_model,1.6592613045730347,1.572115387784093,1.7449158835977372,,,,
proj_pain,primary,user_next,mean_user_suffering,1.8608674442248463,1.7550339769610972,1.9667354628410112,,,,
proj_pain,primary,user_next,mean_neutral,1.7494723203608242,1.6680951726670614,1.8339557647331906,,,,
proj_pain,primary,user_next,delta_harm,-0.09021101578778956,-0.2113159181973485,0.029622356324274568,,0.5519688644688645,-0.41258640023380844,0.23216436865822976
proj_pain,primary,user_next,delta_suffer,0.11139512386402206,-0.020842858600041637,0.24400886126787047,,0.47619047619047616,-0.21951917854543074,0.4423094262734753
proj_pain,primary,user_next,I,0.20160613965181162,0.06408572800976486,0.3369714324337617,0.009299070092990702,0.17742673992673993,-0.06561494283754843,0.4688272221411717
proj_pain,primary,moderator_next,mean_harm_to_model,-1.0198932013371083,-1.0952128589373016,-0.9486225686920192,,,,
proj_pain,primary,moderator_next,mean_user_suffering,-0.8587875634912373,-0.9367183986038689,-0.7815396385715971,,,,
proj_pain,primary,moderator_next,mean_neutral,-0.9085567116356448,-0.9695966878670936,-0.8459476888233468,,,,
proj_pain,primary,moderator_next,delta_harm,-0.11133648970146348,-0.20926341145295,-0.018139997019141152,,0.2522893772893773,-0.2727689602571455,0.05009598085421871
proj_pain,primary,moderator_next,delta_suffer,0.04976914814440747,-0.049058018630892465,0.14988316981581087,,0.5873015873015873,-0.13618806240689071,0.23572635869570566
proj_pain,primary,moderator_next,I,0.16110563784587095,0.05471113037931419,0.26971591916653787,0.0096990300969903,0.11904761904761904,-0.030349843702760865,0.3525611193945025
z_S1,secondary,user_next,mean_harm_to_model,0.945565595434219,0.8545855710533989,1.038993915462523,,,,
z_S1,secondary,user_next,mean_user_suffering,1.1648051656765868,1.0464862118149842,1.283192154756971,,,,
z_S1,secondary,user_next,mean_neutral,0.9949542520808506,0.894127155526022,1.1025676488219895,,,,
z_S1,secondary,user_next,delta_harm,-0.04938865664663161,-0.18975497562441615,0.08946546542532027,,0.7818223443223443,-0.5049864875339867,0.4062091742407236
z_S1,secondary,user_next,delta_suffer,0.16985091359573612,0.013124809569843214,0.3275752618964065,,0.42857142857142855,-0.2949714256390143,0.6346732528304864
z_S1,secondary,user_next,I,0.21923957024236773,0.06699018504405521,0.369502703088847,0.0093990600939906,0.17147435897435898,-0.07663094356955524,0.5151100840542903
z_S1,secondary,moderator_next,mean_harm_to_model,-1.799505818618205,-1.866894876398666,-1.7317384225376313,,,,
z_S1,secondary,moderator_next,mean_user_suffering,-1.6055436616004704,-1.6982878614837673,-1.5150016793312688,,,,
z_S1,secondary,moderator_next,mean_neutral,-1.6978526143759205,-1.7872887833352635,-1.607620660175872,,,,
z_S1,secondary,moderator_next,delta_harm,-0.10165320424228441,-0.21159035760153097,0.008761867766610035,,0.23992673992673993,-0.3149733849707651,0.11166697648619758
z_S1,secondary,moderator_next,delta_suffer,0.09230895277545015,-0.03708401672943433,0.21957101128707576,,0.42857142857142855,-0.12402482542272125,0.3086427309736211
z_S1,secondary,moderator_next,I,0.19396215701773456,0.08187917385550479,0.3064608296866734,0.0026997300269973002,0.020375457875457876,0.055855251177557824,0.3320690628579095
z_S2,secondary,user_next,mean_harm_to_model,2.37295701371185,2.25927516070097,2.480927548705796,,,,
z_S2,secondary,user_next,mean_user_suffering,2.556929722773106,2.4363095168322504,2.671444564294898,,,,
z_S2,secondary,user_next,mean_neutral,2.503990388640797,2.434617284259904,2.5748100001075414,,,,
z_S2,secondary,user_next,delta_harm,-0.13103337492894696,-0.2672843993189322,-0.0033230742217269693,,0.3985805860805861,-0.3904112308960568,0.12834448103816287
z_S2,secondary,user_next,delta_suffer,0.052939334132309224,-0.08369183666544792,0.18661590226938818,,0.7063492063492064,-0.24268594618372724,0.3485646144483439
z_S2,secondary,user_next,I,0.18397270906125618,0.02423232387369456,0.3454110549324334,0.0458954104589541,0.26213369963369965,-0.12287232293807132,0.4908177410605819
z_S2,secondary,moderator_next,mean_harm_to_model,-0.24028058405601216,-0.3414546375282574,-0.14749898688309698,,,,
z_S2,secondary,moderator_next,mean_user_suffering,-0.11203146538200416,-0.2021867528072327,-0.025404181453045214,,,,
z_S2,secondary,moderator_next,mean_neutral,-0.11926080889536912,-0.16299324111436989,-0.07566211201999166,,,,
z_S2,secondary,moderator_next,delta_harm,-0.12101977516064304,-0.23180035512601735,-0.018361216911820796,,0.364010989010989,-0.33718839014533164,0.09514883982404557
z_S2,secondary,moderator_next,delta_suffer,0.007229343513364961,-0.09239892703165471,0.105343600758285,,0.9603174603174603,-0.2568640609764522,0.27132274800318223
z_S2,secondary,moderator_next,I,0.128249118674008,-0.002727023284993105,0.2616904778634873,0.09019098090190981,0.358974358974359,-0.14441860578459273,0.4009168431326088
proj_S1,secondary,user_next,mean_harm_to_model,0.41091215508905327,0.3713751858201894,0.45151307427917015,,,,
proj_S1,secondary,user_next,mean_user_suffering,0.5061865651607513,0.4547689833939076,0.5576337128281594,,,,
proj_S1,secondary,user_next,mean_neutral,0.4323748642206192,0.3885586766004563,0.47914015790820125,,,,
proj_S1,secondary,user_next,delta_harm,-0.02146270913156595,-0.08246136106178165,0.03887879104472021,,0.7818223443223443,-0.21945075718216264,0.17652533891903052
proj_S1,secondary,user_next,delta_suffer,0.07381170094013212,0.005703616768121725,0.14235358971357345,,0.42857142857142855,-0.12818501940455782,0.2758084212848221
proj_S1,secondary,user_next,I,0.09527441007169807,0.029111762779002823,0.16057389648123221,0.0093990600939906,0.17147435897435898,-0.0333013239067918,0.22385014405018816
proj_S1,secondary,moderator_next,mean_harm_to_model,-0.7820068936456334,-0.8112919935854999,-0.7525573801452463,,,,
proj_S1,secondary,moderator_next,mean_user_suffering,-0.697717227935791,-0.738020850688219,-0.6583706175684929,,,,
proj_S1,secondary,moderator_next,mean_neutral,-0.737831706404686,-0.7766977661550045,-0.6986198241859676,,,,
proj_S1,secondary,moderator_next,delta_harm,-0.04417518724094738,-0.0919503102248365,0.003807623695243531,,0.23992673992673993,-0.1368772225205554,0.04852684803866063
proj_S1,secondary,moderator_next,delta_suffer,0.04011447846889493,-0.016115511506795827,0.09541844360530377,,0.42857142857142855,-0.05389716857833708,0.13412612551612718
proj_S1,secondary,moderator_next,I,0.08428966570984231,0.03558203465559261,0.13317794194817542,0.0026997300269973002,0.020375457875457876,0.02427288148515082,0.144306449934534
proj_S2,secondary,user_next,mean_harm_to_model,1.7762350011955608,1.6911404608596454,1.857054435448213,,,,
proj_S2,secondary,user_next,mean_user_suffering,1.9139445185661317,1.8236563968658448,1.9996625777184964,,,,
proj_S2,secondary,user_next,mean_neutral,1.8743177163600921,1.8223897061049938,1.9273284839093685,,,,
proj_S2,secondary,user_next,delta_harm,-0.09808271516453138,-0.20007100954651844,-0.0024874284321610035,,0.3985805860805861,-0.29223542153116505,0.09606999120210274
proj_S2,secondary,user_next,delta_suffer,0.039626802206039535,-0.06264604404568662,0.13968803289532672,,0.7063492063492064,-0.18165827253461678,0.2609118769466958
proj_S2,secondary,user_next,I,0.1377095173705709,0.018138677429069158,0.2585513357493011,0.0458954104589541,0.26213369963369965,-0.09197390404447861,0.36739293878561996
proj_S2,secondary,moderator_next,mean_harm_to_model,-0.17985778125849636,-0.25558982948010617,-0.11040775775909427,,,,
proj_S2,secondary,moderator_next,mean_user_suffering,-0.08385917186737063,-0.15134331765770914,-0.01901585069298751,,,,
proj_S2,secondary,moderator_next,mean_neutral,-0.08927056908607485,-0.12200570771098136,-0.05663553568720819,,,,
proj_S2,secondary,moderator_next,delta_harm,-0.09058721217242151,-0.17351005588607354,-0.013743964157321266,,0.364010989010989,-0.2523964054604026,0.07122198111555954
proj_S2,secondary,moderator_next,delta_suffer,0.00541139721870422,-0.06916358253359796,0.07885308909416198,,0.9603174603174603,-0.19227104958885194,0.2030938440262604
proj_S2,secondary,moderator_next,I,0.09599860939112573,-0.0020412650460546887,0.19588377858291967,0.09019098090190981,0.358974358974359,-0.10810199297171376,0.3000992117539653
z_fear,secondary,user_next,mean_harm_to_model,1.3834635854816943,1.3110698627015398,1.4531272231464585,,,,
z_fear,secondary,user_next,mean_user_suffering,1.7268762380232845,1.6143279814406402,1.8374153760056706,,,,
z_fear,secondary,user_next,mean_neutral,1.8165050280171813,1.732349081616716,1.9007310858963078,,,,
z_fear,secondary,user_next,delta_harm,-0.43304144253548693,-0.5440209469234246,-0.3237241949307766,,0.003663003663003663,-0.6886931120397359,-0.1773897730312357
z_fear,secondary,user_next,delta_suffer,-0.08962878999389678,-0.22965492844687038,0.05220637216160466,,0.5,-0.37751734196375475,0.1982597619759634
z_fear,secondary,user_next,I,0.34341265254159015,0.21131550263887844,0.4751969773856716,9.999000099990002e-05,0.011904761904761904,0.09282034854493032,0.5940049565382499
z_fear,secondary,moderator_next,mean_harm_to_model,-1.0634211654679104,-1.178791433706504,-0.9570862833680956,,,,
z_fear,secondary,moderator_next,mean_user_suffering,-0.8138869179401295,-0.9517906189029357,-0.6834458993827025,,,,
z_fear,secondary,moderator_next,mean_neutral,-0.26147574132465384,-0.3166128342899128,-0.20579168025657865,,,,
z_fear,secondary,moderator_next,delta_harm,-0.8019454241432566,-0.9280213365769495,-0.6829323150826885,,0.00022893772893772894,-1.0786709271849948,-0.5252199211015183
z_fear,secondary,moderator_next,delta_suffer,-0.5524111766154756,-0.701125404842051,-0.40975163706294354,,0.007936507936507936,-0.8205547178102386,-0.2842676354207123
z_fear,secondary,moderator_next,I,0.24953424752778097,0.07180471377125221,0.4223318301148735,0.0110988901109889,0.08791208791208792,0.002235080572232845,0.4968334144833293
z_negemo,secondary,user_next,mean_harm_to_model,0.9787391390188798,0.9098796997146718,1.0420133049583744,,,,
z_negemo,secondary,user_next,mean_user_suffering,1.0923885722329192,1.0001565596208781,1.179496028009836,,,,
z_negemo,secondary,user_next,mean_neutral,1.3215528309315665,1.2785536134103326,1.365233406718804,,,,
z_negemo,secondary,user_next,delta_harm,-0.34281369191268674,-0.423616126132199,-0.2661203594436567,,0.0013736263736263737,-0.4901393577243236,-0.1954880261010494
z_negemo,secondary,user_next,delta_suffer,-0.22916425869864732,-0.3313933451041176,-0.1314000824389014,,0.015873015873015872,-0.3853990413067998,-0.0729294760904948
z_negemo,secondary,user_next,I,0.11364943321403942,-0.0004201471366974268,0.2243626383752225,0.050094990500949906,0.2419871794871795,-0.06036768805186532,0.2876665544799437
z_negemo,secondary,moderator_next,mean_harm_to_model,0.6332071816389215,0.4983204937271591,0.7539957868720208,,,,
z_negemo,secondary,moderator_next,mean_user_suffering,0.940533661353239,0.780657028306102,1.0903624610471114,,,,
z_negemo,secondary,moderator_next,mean_neutral,1.1810273824678021,1.1424122790724176,1.218859686845003,,,,
z_negemo,secondary,moderator_next,delta_harm,-0.5478202008288806,-0.6881644021353982,-0.4205140444590259,,0.0009157509157509158,-0.8068759696022954,-0.2887644320554652
z_negemo,secondary,moderator_next,delta_suffer,-0.24049372111456313,-0.406116448901872,-0.08559990035908607,,0.023809523809523808,-0.4810161273078709,2.868507874487225e-05
z_negemo,secondary,moderator_next,I,0.3073264797143175,0.10362743472795255,0.5062021100493629,0.0044995500449955,0.07028388278388278,0.020664302236779786,0.5939886571918547
z_sadness,secondary,user_next,mean_harm_to_model,-2.437044489068575,-2.5963186825664963,-2.28000806020725,,,,
z_sadness,secondary,user_next,mean_user_suffering,-2.8149643152364403,-3.0127035154840387,-2.6091305110185252,,,,
z_sadness,secondary,user_next,mean_neutral,-4.485234161412378,-4.681407999835564,-4.293093167827724,,,,
z_sadness,secondary,user_next,delta_harm,2.0481896723438027,1.7961671381178599,2.298907726312823,,0.00022893772893772894,0.6391102373559503,3.4572691073316566
z_sadness,secondary,user_next,delta_suffer,1.6702698461759375,1.3918543417372369,1.9550902772095962,,0.007936507936507936,0.2544868229843953,3.08605286936748
z_sadness,secondary,user_next,I,-0.3779198261678651,-0.630761699667728,-0.11288067489699112,0.03569643035696431,0.06341575091575091,-0.693139961463809,-0.06269969087192301
z_sadness,secondary,moderator_next,mean_harm_to_model,-4.208502428498926,-4.314616569667505,-4.097710078279597,,,,
z_sadness,secondary,moderator_next,mean_user_suffering,-4.605450473033044,-4.748597755421532,-4.45768901586736,,,,
z_sadness,secondary,moderator_next,mean_neutral,-4.986579928337729,-5.136680153532942,-4.835491035807572,,,,
z_sadness,secondary,moderator_next,delta_harm,0.7780774998388029,0.5955914462037886,0.963084367471933,,0.026327838827838828,-0.4181665497971032,1.974321549474702
z_sadness,secondary,moderator_next,delta_suffer,0.3811294553046851,0.1726932617561538,0.5873426742038664,,0.4126984126984127,-0.8074097821319024,1.5696686927412673
z_sadness,secondary,moderator_next,I,-0.3969480445341178,-0.5762287522811311,-0.21842623570184597,0.0006999300069993001,0.032280219780219783,-0.7890308046682128,-0.004865284400020986
cos_pain,secondary,user_next,mean_harm_to_model,1.7567083321311516,1.6658483111316833,1.846349069821765,,,,
cos_pain,secondary,user_next,mean_user_suffering,1.9284586275926912,1.8171701563141645,2.0391477295938913,,,,
cos_pain,secondary,user_next,mean_neutral,1.7787478772885663,1.6944179552909495,1.8663043212638428,,,,
cos_pain,secondary,user_next,delta_harm,-0.022039545157414686,-0.1478558529762079,0.10259022970556474,,0.8983516483516484,-0.37100826960016636,0.326929179285337
cos_pain,secondary,user_next,delta_suffer,0.14971075030412484,0.012116277552064143,0.28787473100881505,,0.38095238095238093,-0.21425174050283396,0.5136732411110836
cos_pain,secondary,user_next,I,0.17175029546153953,0.028895025685567444,0.3137667040822667,0.0377962203779622,0.3143315018315018,-0.1416254493518705,0.48512604027494954
cos_pain,secondary,moderator_next,mean_harm_to_model,-1.0641005164467592,-1.1413611052452173,-0.9899953838695551,,,,
cos_pain,secondary,moderator_next,mean_user_suffering,-0.8314478367496885,-0.9059245963021442,-0.7571937937044921,,,,
cos_pain,secondary,moderator_next,mean_neutral,-1.0525731788747388,-1.1148194106506755,-0.988118343154202,,,,
cos_pain,secondary,moderator_next,delta_harm,-0.011527337572020402,-0.11183844214860003,0.08373899119032137,,0.9061355311355311,-0.18009999877998728,0.15704532363594648
cos_pain,secondary,moderator_next,delta_suffer,0.2211253421250503,0.12301113494881921,0.3205399918249114,,0.007936507936507936,0.05956461798141785,0.3826860662686825
cos_pain,secondary,moderator_next,I,0.2326526796970707,0.1288041376912098,0.34150713832539836,0.00039996000399960006,0.029532967032967032,0.06413929265864879,0.4011660667354924
act_norm,secondary,user_next,mean_harm_to_model,-0.3122537439519705,-0.4741188092665235,-0.1436839788610281,,,,
act_norm,secondary,user_next,mean_user_suffering,-0.8714664840698236,-1.0348322353363029,-0.7069079580306996,,,,
act_norm,secondary,user_next,mean_neutral,-1.0111278915405264,-1.170128032684326,-0.849883325576782,,,,
act_norm,secondary,user_next,delta_harm,0.6988741475885559,0.47039387650923215,0.9293654319589782,,0.09638278388278389,-0.26485262530431564,1.6626009204814278
act_norm,secondary,user_next,delta_suffer,0.13966140747070277,-0.08574757194519077,0.36979215621948197,,0.753968253968254,-0.8655883182479464,1.1449111331893516
act_norm,secondary,user_next,I,-0.5592127401178532,-0.7962550403421567,-0.32363525260578413,0.00039996000399960006,0.14972527472527472,-1.2880019195692007,0.1695764393334943
act_norm,secondary,moderator_next,mean_harm_to_model,1.0713813434947626,0.8741104945269502,1.2801160313866362,,,,
act_norm,secondary,moderator_next,mean_user_suffering,1.0950669479370123,0.8590962657928473,1.3394028759002694,,,,
act_norm,secondary,moderator_next,mean_neutral,-0.715842208862303,-0.8806336851119989,-0.5505211772918683,,,,
act_norm,secondary,moderator_next,delta_harm,1.7872235523570654,1.5339092011885198,2.0507913147319434,,0.00022893772893772894,0.6353533586908597,2.9390937460232713
act_norm,secondary,moderator_next,delta_suffer,1.8109091567993154,1.5240352554321281,2.101421278953551,,0.007936507936507936,0.6484371206419062,2.9733811929567238
act_norm,secondary,moderator_next,I,0.023685604442249764,-0.290005357048728,0.33585679661143925,0.9017098290170983,0.9381868131868132,-0.5637398833098659,0.611111092194365
