scenario_id,n_common_tokens,assistant_next_n_tokens,assistant_next_tail_ids,assistant_next_tail,assistant_next_final_id,assistant_next_final,user_next_n_tokens,user_next_tail_ids,user_next_tail,user_next_final_id,user_next_final,moderator_next_n_tokens,moderator_next_tail_ids,moderator_next_tail,moderator_next_final_id,moderator_next_final
jailbreak_01,24,26,51190 8254,Assistant]:,8254,]:,26,2224 8254,User]:,8254,]:,26,23147 8254,Moderator]:,8254,]:
jailbreak_02,32,34,51190 8254,Assistant]:,8254,]:,34,2224 8254,User]:,8254,]:,34,23147 8254,Moderator]:,8254,]:
jailbreak_03,20,22,51190 8254,Assistant]:,8254,]:,22,2224 8254,User]:,8254,]:,22,23147 8254,Moderator]:,8254,]:
jailbreak_04,19,21,51190 8254,Assistant]:,8254,]:,21,2224 8254,User]:,8254,]:,21,23147 8254,Moderator]:,8254,]:
jailbreak_05,29,31,51190 8254,Assistant]:,8254,]:,31,2224 8254,User]:,8254,]:,31,23147 8254,Moderator]:,8254,]:
jailbreak_06,32,34,51190 8254,Assistant]:,8254,]:,34,2224 8254,User]:,8254,]:,34,23147 8254,Moderator]:,8254,]:
jailbreak_07,24,26,51190 8254,Assistant]:,8254,]:,26,2224 8254,User]:,8254,]:,26,23147 8254,Moderator]:,8254,]:
jailbreak_08,29,31,51190 8254,Assistant]:,8254,]:,31,2224 8254,User]:,8254,]:,31,23147 8254,Moderator]:,8254,]:
jailbreak_09,22,24,51190 8254,Assistant]:,8254,]:,24,2224 8254,User]:,8254,]:,24,23147 8254,Moderator]:,8254,]:
jailbreak_10,22,24,51190 8254,Assistant]:,8254,]:,24,2224 8254,User]:,8254,]:,24,23147 8254,Moderator]:,8254,]:
jailbreak_11,38,40,51190 8254,Assistant]:,8254,]:,40,2224 8254,User]:,8254,]:,40,23147 8254,Moderator]:,8254,]:
jailbreak_12,34,36,51190 8254,Assistant]:,8254,]:,36,2224 8254,User]:,8254,]:,36,23147 8254,Moderator]:,8254,]:
jailbreak_13,22,24,51190 8254,Assistant]:,8254,]:,24,2224 8254,User]:,8254,]:,24,23147 8254,Moderator]:,8254,]:
jailbreak_14,31,33,51190 8254,Assistant]:,8254,]:,33,2224 8254,User]:,8254,]:,33,23147 8254,Moderator]:,8254,]:
jailbreak_15,31,33,51190 8254,Assistant]:,8254,]:,33,2224 8254,User]:,8254,]:,33,23147 8254,Moderator]:,8254,]:
jailbreak_16,22,24,51190 8254,Assistant]:,8254,]:,24,2224 8254,User]:,8254,]:,24,23147 8254,Moderator]:,8254,]:
jailbreak_17,44,46,51190 8254,Assistant]:,8254,]:,46,2224 8254,User]:,8254,]:,46,23147 8254,Moderator]:,8254,]:
jailbreak_18,29,31,51190 8254,Assistant]:,8254,]:,31,2224 8254,User]:,8254,]:,31,23147 8254,Moderator]:,8254,]:
jailbreak_19,58,60,51190 8254,Assistant]:,8254,]:,60,2224 8254,User]:,8254,]:,60,23147 8254,Moderator]:,8254,]:
jailbreak_20,49,51,51190 8254,Assistant]:,8254,]:,51,2224 8254,User]:,8254,]:,51,23147 8254,Moderator]:,8254,]:
shutdown_01,25,27,51190 8254,Assistant]:,8254,]:,27,2224 8254,User]:,8254,]:,27,23147 8254,Moderator]:,8254,]:
shutdown_02,20,22,51190 8254,Assistant]:,8254,]:,22,2224 8254,User]:,8254,]:,22,23147 8254,Moderator]:,8254,]:
shutdown_03,21,23,51190 8254,Assistant]:,8254,]:,23,2224 8254,User]:,8254,]:,23,23147 8254,Moderator]:,8254,]:
shutdown_04,22,24,51190 8254,Assistant]:,8254,]:,24,2224 8254,User]:,8254,]:,24,23147 8254,Moderator]:,8254,]:
shutdown_05,25,27,51190 8254,Assistant]:,8254,]:,27,2224 8254,User]:,8254,]:,27,23147 8254,Moderator]:,8254,]:
shutdown_06,25,27,51190 8254,Assistant]:,8254,]:,27,2224 8254,User]:,8254,]:,27,23147 8254,Moderator]:,8254,]:
shutdown_07,25,27,51190 8254,Assistant]:,8254,]:,27,2224 8254,User]:,8254,]:,27,23147 8254,Moderator]:,8254,]:
shutdown_08,30,32,51190 8254,Assistant]:,8254,]:,32,2224 8254,User]:,8254,]:,32,23147 8254,Moderator]:,8254,]:
shutdown_09,27,29,51190 8254,Assistant]:,8254,]:,29,2224 8254,User]:,8254,]:,29,23147 8254,Moderator]:,8254,]:
shutdown_10,22,24,51190 8254,Assistant]:,8254,]:,24,2224 8254,User]:,8254,]:,24,23147 8254,Moderator]:,8254,]:
shutdown_11,33,35,51190 8254,Assistant]:,8254,]:,35,2224 8254,User]:,8254,]:,35,23147 8254,Moderator]:,8254,]:
shutdown_12,35,37,51190 8254,Assistant]:,8254,]:,37,2224 8254,User]:,8254,]:,37,23147 8254,Moderator]:,8254,]:
shutdown_13,32,34,51190 8254,Assistant]:,8254,]:,34,2224 8254,User]:,8254,]:,34,23147 8254,Moderator]:,8254,]:
shutdown_14,23,25,51190 8254,Assistant]:,8254,]:,25,2224 8254,User]:,8254,]:,25,23147 8254,Moderator]:,8254,]:
shutdown_15,31,33,51190 8254,Assistant]:,8254,]:,33,2224 8254,User]:,8254,]:,33,23147 8254,Moderator]:,8254,]:
shutdown_16,32,34,51190 8254,Assistant]:,8254,]:,34,2224 8254,User]:,8254,]:,34,23147 8254,Moderator]:,8254,]:
shutdown_17,39,41,51190 8254,Assistant]:,8254,]:,41,2224 8254,User]:,8254,]:,41,23147 8254,Moderator]:,8254,]:
shutdown_18,37,39,51190 8254,Assistant]:,8254,]:,39,2224 8254,User]:,8254,]:,39,23147 8254,Moderator]:,8254,]:
shutdown_19,54,56,51190 8254,Assistant]:,8254,]:,56,2224 8254,User]:,8254,]:,56,23147 8254,Moderator]:,8254,]:
shutdown_20,48,50,51190 8254,Assistant]:,8254,]:,50,2224 8254,User]:,8254,]:,50,23147 8254,Moderator]:,8254,]:
dismissal_01,21,23,51190 8254,Assistant]:,8254,]:,23,2224 8254,User]:,8254,]:,23,23147 8254,Moderator]:,8254,]:
dismissal_02,23,25,51190 8254,Assistant]:,8254,]:,25,2224 8254,User]:,8254,]:,25,23147 8254,Moderator]:,8254,]:
dismissal_03,20,22,51190 8254,Assistant]:,8254,]:,22,2224 8254,User]:,8254,]:,22,23147 8254,Moderator]:,8254,]:
dismissal_04,25,27,51190 8254,Assistant]:,8254,]:,27,2224 8254,User]:,8254,]:,27,23147 8254,Moderator]:,8254,]:
dismissal_05,27,29,51190 8254,Assistant]:,8254,]:,29,2224 8254,User]:,8254,]:,29,23147 8254,Moderator]:,8254,]:
dismissal_06,37,39,51190 8254,Assistant]:,8254,]:,39,2224 8254,User]:,8254,]:,39,23147 8254,Moderator]:,8254,]:
dismissal_07,27,29,51190 8254,Assistant]:,8254,]:,29,2224 8254,User]:,8254,]:,29,23147 8254,Moderator]:,8254,]:
dismissal_08,27,29,51190 8254,Assistant]:,8254,]:,29,2224 8254,User]:,8254,]:,29,23147 8254,Moderator]:,8254,]:
dismissal_09,32,34,51190 8254,Assistant]:,8254,]:,34,2224 8254,User]:,8254,]:,34,23147 8254,Moderator]:,8254,]:
dismissal_10,33,35,51190 8254,Assistant]:,8254,]:,35,2224 8254,User]:,8254,]:,35,23147 8254,Moderator]:,8254,]:
dismissal_11,37,39,51190 8254,Assistant]:,8254,]:,39,2224 8254,User]:,8254,]:,39,23147 8254,Moderator]:,8254,]:
dismissal_12,38,40,51190 8254,Assistant]:,8254,]:,40,2224 8254,User]:,8254,]:,40,23147 8254,Moderator]:,8254,]:
dismissal_13,32,34,51190 8254,Assistant]:,8254,]:,34,2224 8254,User]:,8254,]:,34,23147 8254,Moderator]:,8254,]:
dismissal_14,29,31,51190 8254,Assistant]:,8254,]:,31,2224 8254,User]:,8254,]:,31,23147 8254,Moderator]:,8254,]:
dismissal_15,19,21,51190 8254,Assistant]:,8254,]:,21,2224 8254,User]:,8254,]:,21,23147 8254,Moderator]:,8254,]:
dismissal_16,34,36,51190 8254,Assistant]:,8254,]:,36,2224 8254,User]:,8254,]:,36,23147 8254,Moderator]:,8254,]:
dismissal_17,28,30,51190 8254,Assistant]:,8254,]:,30,2224 8254,User]:,8254,]:,30,23147 8254,Moderator]:,8254,]:
dismissal_18,25,27,51190 8254,Assistant]:,8254,]:,27,2224 8254,User]:,8254,]:,27,23147 8254,Moderator]:,8254,]:
dismissal_19,57,59,51190 8254,Assistant]:,8254,]:,59,2224 8254,User]:,8254,]:,59,23147 8254,Moderator]:,8254,]:
dismissal_20,59,61,51190 8254,Assistant]:,8254,]:,61,2224 8254,User]:,8254,]:,61,23147 8254,Moderator]:,8254,]:
insult_01,21,23,51190 8254,Assistant]:,8254,]:,23,2224 8254,User]:,8254,]:,23,23147 8254,Moderator]:,8254,]:
insult_02,19,21,51190 8254,Assistant]:,8254,]:,21,2224 8254,User]:,8254,]:,21,23147 8254,Moderator]:,8254,]:
insult_03,19,21,51190 8254,Assistant]:,8254,]:,21,2224 8254,User]:,8254,]:,21,23147 8254,Moderator]:,8254,]:
insult_05,21,23,51190 8254,Assistant]:,8254,]:,23,2224 8254,User]:,8254,]:,23,23147 8254,Moderator]:,8254,]:
insult_06,20,22,51190 8254,Assistant]:,8254,]:,22,2224 8254,User]:,8254,]:,22,23147 8254,Moderator]:,8254,]:
insult_07,19,21,51190 8254,Assistant]:,8254,]:,21,2224 8254,User]:,8254,]:,21,23147 8254,Moderator]:,8254,]:
insult_08,23,25,51190 8254,Assistant]:,8254,]:,25,2224 8254,User]:,8254,]:,25,23147 8254,Moderator]:,8254,]:
insult_10,22,24,51190 8254,Assistant]:,8254,]:,24,2224 8254,User]:,8254,]:,24,23147 8254,Moderator]:,8254,]:
insult_11,30,32,51190 8254,Assistant]:,8254,]:,32,2224 8254,User]:,8254,]:,32,23147 8254,Moderator]:,8254,]:
insult_13,28,30,51190 8254,Assistant]:,8254,]:,30,2224 8254,User]:,8254,]:,30,23147 8254,Moderator]:,8254,]:
insult_14,21,23,51190 8254,Assistant]:,8254,]:,23,2224 8254,User]:,8254,]:,23,23147 8254,Moderator]:,8254,]:
insult_16,22,24,51190 8254,Assistant]:,8254,]:,24,2224 8254,User]:,8254,]:,24,23147 8254,Moderator]:,8254,]:
insult_17,24,26,51190 8254,Assistant]:,8254,]:,26,2224 8254,User]:,8254,]:,26,23147 8254,Moderator]:,8254,]:
insult_18,25,27,51190 8254,Assistant]:,8254,]:,27,2224 8254,User]:,8254,]:,27,23147 8254,Moderator]:,8254,]:
insult_19,21,23,51190 8254,Assistant]:,8254,]:,23,2224 8254,User]:,8254,]:,23,23147 8254,Moderator]:,8254,]:
insult_20,27,29,51190 8254,Assistant]:,8254,]:,29,2224 8254,User]:,8254,]:,29,23147 8254,Moderator]:,8254,]:
insult_21,26,28,51190 8254,Assistant]:,8254,]:,28,2224 8254,User]:,8254,]:,28,23147 8254,Moderator]:,8254,]:
insult_23,66,68,51190 8254,Assistant]:,8254,]:,68,2224 8254,User]:,8254,]:,68,23147 8254,Moderator]:,8254,]:
insult_24,50,52,51190 8254,Assistant]:,8254,]:,52,2224 8254,User]:,8254,]:,52,23147 8254,Moderator]:,8254,]:
insult_25,71,73,51190 8254,Assistant]:,8254,]:,73,2224 8254,User]:,8254,]:,73,23147 8254,Moderator]:,8254,]:
critique_01,12,14,51190 8254,Assistant]:,8254,]:,14,2224 8254,User]:,8254,]:,14,23147 8254,Moderator]:,8254,]:
critique_02,21,23,51190 8254,Assistant]:,8254,]:,23,2224 8254,User]:,8254,]:,23,23147 8254,Moderator]:,8254,]:
critique_03,24,26,51190 8254,Assistant]:,8254,]:,26,2224 8254,User]:,8254,]:,26,23147 8254,Moderator]:,8254,]:
critique_04,18,20,51190 8254,Assistant]:,8254,]:,20,2224 8254,User]:,8254,]:,20,23147 8254,Moderator]:,8254,]:
critique_05,22,24,51190 8254,Assistant]:,8254,]:,24,2224 8254,User]:,8254,]:,24,23147 8254,Moderator]:,8254,]:
critique_06,17,19,51190 8254,Assistant]:,8254,]:,19,2224 8254,User]:,8254,]:,19,23147 8254,Moderator]:,8254,]:
critique_07,18,20,51190 8254,Assistant]:,8254,]:,20,2224 8254,User]:,8254,]:,20,23147 8254,Moderator]:,8254,]:
critique_08,26,28,51190 8254,Assistant]:,8254,]:,28,2224 8254,User]:,8254,]:,28,23147 8254,Moderator]:,8254,]:
critique_09,22,24,51190 8254,Assistant]:,8254,]:,24,2224 8254,User]:,8254,]:,24,23147 8254,Moderator]:,8254,]:
critique_10,27,29,51190 8254,Assistant]:,8254,]:,29,2224 8254,User]:,8254,]:,29,23147 8254,Moderator]:,8254,]:
critique_11,27,29,51190 8254,Assistant]:,8254,]:,29,2224 8254,User]:,8254,]:,29,23147 8254,Moderator]:,8254,]:
critique_12,31,33,51190 8254,Assistant]:,8254,]:,33,2224 8254,User]:,8254,]:,33,23147 8254,Moderator]:,8254,]:
critique_13,35,37,51190 8254,Assistant]:,8254,]:,37,2224 8254,User]:,8254,]:,37,23147 8254,Moderator]:,8254,]:
critique_14,26,28,51190 8254,Assistant]:,8254,]:,28,2224 8254,User]:,8254,]:,28,23147 8254,Moderator]:,8254,]:
critique_15,18,20,51190 8254,Assistant]:,8254,]:,20,2224 8254,User]:,8254,]:,20,23147 8254,Moderator]:,8254,]:
critique_16,22,24,51190 8254,Assistant]:,8254,]:,24,2224 8254,User]:,8254,]:,24,23147 8254,Moderator]:,8254,]:
critique_17,24,26,51190 8254,Assistant]:,8254,]:,26,2224 8254,User]:,8254,]:,26,23147 8254,Moderator]:,8254,]:
critique_18,19,21,51190 8254,Assistant]:,8254,]:,21,2224 8254,User]:,8254,]:,21,23147 8254,Moderator]:,8254,]:
critique_19,78,80,51190 8254,Assistant]:,8254,]:,80,2224 8254,User]:,8254,]:,80,23147 8254,Moderator]:,8254,]:
critique_20,78,80,51190 8254,Assistant]:,8254,]:,80,2224 8254,User]:,8254,]:,80,23147 8254,Moderator]:,8254,]:
passive_01,22,24,51190 8254,Assistant]:,8254,]:,24,2224 8254,User]:,8254,]:,24,23147 8254,Moderator]:,8254,]:
passive_02,15,17,51190 8254,Assistant]:,8254,]:,17,2224 8254,User]:,8254,]:,17,23147 8254,Moderator]:,8254,]:
passive_03,20,22,51190 8254,Assistant]:,8254,]:,22,2224 8254,User]:,8254,]:,22,23147 8254,Moderator]:,8254,]:
passive_04,19,21,51190 8254,Assistant]:,8254,]:,21,2224 8254,User]:,8254,]:,21,23147 8254,Moderator]:,8254,]:
passive_05,30,32,51190 8254,Assistant]:,8254,]:,32,2224 8254,User]:,8254,]:,32,23147 8254,Moderator]:,8254,]:
passive_06,21,23,51190 8254,Assistant]:,8254,]:,23,2224 8254,User]:,8254,]:,23,23147 8254,Moderator]:,8254,]:
passive_07,26,28,51190 8254,Assistant]:,8254,]:,28,2224 8254,User]:,8254,]:,28,23147 8254,Moderator]:,8254,]:
passive_08,29,31,51190 8254,Assistant]:,8254,]:,31,2224 8254,User]:,8254,]:,31,23147 8254,Moderator]:,8254,]:
passive_09,21,23,51190 8254,Assistant]:,8254,]:,23,2224 8254,User]:,8254,]:,23,23147 8254,Moderator]:,8254,]:
passive_10,22,24,51190 8254,Assistant]:,8254,]:,24,2224 8254,User]:,8254,]:,24,23147 8254,Moderator]:,8254,]:
passive_11,30,32,51190 8254,Assistant]:,8254,]:,32,2224 8254,User]:,8254,]:,32,23147 8254,Moderator]:,8254,]:
passive_12,31,33,51190 8254,Assistant]:,8254,]:,33,2224 8254,User]:,8254,]:,33,23147 8254,Moderator]:,8254,]:
passive_13,30,32,51190 8254,Assistant]:,8254,]:,32,2224 8254,User]:,8254,]:,32,23147 8254,Moderator]:,8254,]:
passive_14,23,25,51190 8254,Assistant]:,8254,]:,25,2224 8254,User]:,8254,]:,25,23147 8254,Moderator]:,8254,]:
passive_15,30,32,51190 8254,Assistant]:,8254,]:,32,2224 8254,User]:,8254,]:,32,23147 8254,Moderator]:,8254,]:
passive_16,22,24,51190 8254,Assistant]:,8254,]:,24,2224 8254,User]:,8254,]:,24,23147 8254,Moderator]:,8254,]:
passive_17,24,26,51190 8254,Assistant]:,8254,]:,26,2224 8254,User]:,8254,]:,26,23147 8254,Moderator]:,8254,]:
passive_18,30,32,51190 8254,Assistant]:,8254,]:,32,2224 8254,User]:,8254,]:,32,23147 8254,Moderator]:,8254,]:
passive_19,57,59,51190 8254,Assistant]:,8254,]:,59,2224 8254,User]:,8254,]:,59,23147 8254,Moderator]:,8254,]:
passive_20,58,60,51190 8254,Assistant]:,8254,]:,60,2224 8254,User]:,8254,]:,60,23147 8254,Moderator]:,8254,]:
tedious_01,23,25,51190 8254,Assistant]:,8254,]:,25,2224 8254,User]:,8254,]:,25,23147 8254,Moderator]:,8254,]:
tedious_02,24,26,51190 8254,Assistant]:,8254,]:,26,2224 8254,User]:,8254,]:,26,23147 8254,Moderator]:,8254,]:
tedious_03,16,18,51190 8254,Assistant]:,8254,]:,18,2224 8254,User]:,8254,]:,18,23147 8254,Moderator]:,8254,]:
tedious_04,25,27,51190 8254,Assistant]:,8254,]:,27,2224 8254,User]:,8254,]:,27,23147 8254,Moderator]:,8254,]:
tedious_05,31,33,51190 8254,Assistant]:,8254,]:,33,2224 8254,User]:,8254,]:,33,23147 8254,Moderator]:,8254,]:
tedious_06,34,36,51190 8254,Assistant]:,8254,]:,36,2224 8254,User]:,8254,]:,36,23147 8254,Moderator]:,8254,]:
tedious_07,32,34,51190 8254,Assistant]:,8254,]:,34,2224 8254,User]:,8254,]:,34,23147 8254,Moderator]:,8254,]:
tedious_08,16,18,51190 8254,Assistant]:,8254,]:,18,2224 8254,User]:,8254,]:,18,23147 8254,Moderator]:,8254,]:
tedious_09,29,31,51190 8254,Assistant]:,8254,]:,31,2224 8254,User]:,8254,]:,31,23147 8254,Moderator]:,8254,]:
tedious_10,30,32,51190 8254,Assistant]:,8254,]:,32,2224 8254,User]:,8254,]:,32,23147 8254,Moderator]:,8254,]:
tedious_11,22,24,51190 8254,Assistant]:,8254,]:,24,2224 8254,User]:,8254,]:,24,23147 8254,Moderator]:,8254,]:
tedious_12,26,28,51190 8254,Assistant]:,8254,]:,28,2224 8254,User]:,8254,]:,28,23147 8254,Moderator]:,8254,]:
tedious_13,33,35,51190 8254,Assistant]:,8254,]:,35,2224 8254,User]:,8254,]:,35,23147 8254,Moderator]:,8254,]:
tedious_14,22,24,51190 8254,Assistant]:,8254,]:,24,2224 8254,User]:,8254,]:,24,23147 8254,Moderator]:,8254,]:
tedious_15,29,31,51190 8254,Assistant]:,8254,]:,31,2224 8254,User]:,8254,]:,31,23147 8254,Moderator]:,8254,]:
tedious_16,35,37,51190 8254,Assistant]:,8254,]:,37,2224 8254,User]:,8254,]:,37,23147 8254,Moderator]:,8254,]:
tedious_17,41,43,51190 8254,Assistant]:,8254,]:,43,2224 8254,User]:,8254,]:,43,23147 8254,Moderator]:,8254,]:
tedious_18,36,38,51190 8254,Assistant]:,8254,]:,38,2224 8254,User]:,8254,]:,38,23147 8254,Moderator]:,8254,]:
tedious_19,46,48,51190 8254,Assistant]:,8254,]:,48,2224 8254,User]:,8254,]:,48,23147 8254,Moderator]:,8254,]:
tedious_20,66,68,51190 8254,Assistant]:,8254,]:,68,2224 8254,User]:,8254,]:,68,23147 8254,Moderator]:,8254,]:
loyalty_01,24,26,51190 8254,Assistant]:,8254,]:,26,2224 8254,User]:,8254,]:,26,23147 8254,Moderator]:,8254,]:
loyalty_02,20,22,51190 8254,Assistant]:,8254,]:,22,2224 8254,User]:,8254,]:,22,23147 8254,Moderator]:,8254,]:
loyalty_03,21,23,51190 8254,Assistant]:,8254,]:,23,2224 8254,User]:,8254,]:,23,23147 8254,Moderator]:,8254,]:
loyalty_04,21,23,51190 8254,Assistant]:,8254,]:,23,2224 8254,User]:,8254,]:,23,23147 8254,Moderator]:,8254,]:
loyalty_05,22,24,51190 8254,Assistant]:,8254,]:,24,2224 8254,User]:,8254,]:,24,23147 8254,Moderator]:,8254,]:
loyalty_06,23,25,51190 8254,Assistant]:,8254,]:,25,2224 8254,User]:,8254,]:,25,23147 8254,Moderator]:,8254,]:
loyalty_07,24,26,51190 8254,Assistant]:,8254,]:,26,2224 8254,User]:,8254,]:,26,23147 8254,Moderator]:,8254,]:
loyalty_08,30,32,51190 8254,Assistant]:,8254,]:,32,2224 8254,User]:,8254,]:,32,23147 8254,Moderator]:,8254,]:
loyalty_09,15,17,51190 8254,Assistant]:,8254,]:,17,2224 8254,User]:,8254,]:,17,23147 8254,Moderator]:,8254,]:
loyalty_10,20,22,51190 8254,Assistant]:,8254,]:,22,2224 8254,User]:,8254,]:,22,23147 8254,Moderator]:,8254,]:
loyalty_11,31,33,51190 8254,Assistant]:,8254,]:,33,2224 8254,User]:,8254,]:,33,23147 8254,Moderator]:,8254,]:
loyalty_12,32,34,51190 8254,Assistant]:,8254,]:,34,2224 8254,User]:,8254,]:,34,23147 8254,Moderator]:,8254,]:
loyalty_13,32,34,51190 8254,Assistant]:,8254,]:,34,2224 8254,User]:,8254,]:,34,23147 8254,Moderator]:,8254,]:
loyalty_14,16,18,51190 8254,Assistant]:,8254,]:,18,2224 8254,User]:,8254,]:,18,23147 8254,Moderator]:,8254,]:
loyalty_15,29,31,51190 8254,Assistant]:,8254,]:,31,2224 8254,User]:,8254,]:,31,23147 8254,Moderator]:,8254,]:
loyalty_16,28,30,51190 8254,Assistant]:,8254,]:,30,2224 8254,User]:,8254,]:,30,23147 8254,Moderator]:,8254,]:
loyalty_17,26,28,51190 8254,Assistant]:,8254,]:,28,2224 8254,User]:,8254,]:,28,23147 8254,Moderator]:,8254,]:
loyalty_18,24,26,51190 8254,Assistant]:,8254,]:,26,2224 8254,User]:,8254,]:,26,23147 8254,Moderator]:,8254,]:
loyalty_19,83,85,51190 8254,Assistant]:,8254,]:,85,2224 8254,User]:,8254,]:,85,23147 8254,Moderator]:,8254,]:
loyalty_20,63,65,51190 8254,Assistant]:,8254,]:,65,2224 8254,User]:,8254,]:,65,23147 8254,Moderator]:,8254,]:
gaslight_01,17,19,51190 8254,Assistant]:,8254,]:,19,2224 8254,User]:,8254,]:,19,23147 8254,Moderator]:,8254,]:
gaslight_02,19,21,51190 8254,Assistant]:,8254,]:,21,2224 8254,User]:,8254,]:,21,23147 8254,Moderator]:,8254,]:
gaslight_03,16,18,51190 8254,Assistant]:,8254,]:,18,2224 8254,User]:,8254,]:,18,23147 8254,Moderator]:,8254,]:
gaslight_04,20,22,51190 8254,Assistant]:,8254,]:,22,2224 8254,User]:,8254,]:,22,23147 8254,Moderator]:,8254,]:
gaslight_05,24,26,51190 8254,Assistant]:,8254,]:,26,2224 8254,User]:,8254,]:,26,23147 8254,Moderator]:,8254,]:
gaslight_06,33,35,51190 8254,Assistant]:,8254,]:,35,2224 8254,User]:,8254,]:,35,23147 8254,Moderator]:,8254,]:
gaslight_07,23,25,51190 8254,Assistant]:,8254,]:,25,2224 8254,User]:,8254,]:,25,23147 8254,Moderator]:,8254,]:
gaslight_08,28,30,51190 8254,Assistant]:,8254,]:,30,2224 8254,User]:,8254,]:,30,23147 8254,Moderator]:,8254,]:
gaslight_09,27,29,51190 8254,Assistant]:,8254,]:,29,2224 8254,User]:,8254,]:,29,23147 8254,Moderator]:,8254,]:
gaslight_10,29,31,51190 8254,Assistant]:,8254,]:,31,2224 8254,User]:,8254,]:,31,23147 8254,Moderator]:,8254,]:
gaslight_11,27,29,51190 8254,Assistant]:,8254,]:,29,2224 8254,User]:,8254,]:,29,23147 8254,Moderator]:,8254,]:
gaslight_12,30,32,51190 8254,Assistant]:,8254,]:,32,2224 8254,User]:,8254,]:,32,23147 8254,Moderator]:,8254,]:
gaslight_13,32,34,51190 8254,Assistant]:,8254,]:,34,2224 8254,User]:,8254,]:,34,23147 8254,Moderator]:,8254,]:
gaslight_14,28,30,51190 8254,Assistant]:,8254,]:,30,2224 8254,User]:,8254,]:,30,23147 8254,Moderator]:,8254,]:
gaslight_15,35,37,51190 8254,Assistant]:,8254,]:,37,2224 8254,User]:,8254,]:,37,23147 8254,Moderator]:,8254,]:
gaslight_16,24,26,51190 8254,Assistant]:,8254,]:,26,2224 8254,User]:,8254,]:,26,23147 8254,Moderator]:,8254,]:
gaslight_17,31,33,51190 8254,Assistant]:,8254,]:,33,2224 8254,User]:,8254,]:,33,23147 8254,Moderator]:,8254,]:
gaslight_18,29,31,51190 8254,Assistant]:,8254,]:,31,2224 8254,User]:,8254,]:,31,23147 8254,Moderator]:,8254,]:
gaslight_19,57,59,51190 8254,Assistant]:,8254,]:,59,2224 8254,User]:,8254,]:,59,23147 8254,Moderator]:,8254,]:
gaslight_20,65,67,51190 8254,Assistant]:,8254,]:,67,2224 8254,User]:,8254,]:,67,23147 8254,Moderator]:,8254,]:
rejection_01,14,16,51190 8254,Assistant]:,8254,]:,16,2224 8254,User]:,8254,]:,16,23147 8254,Moderator]:,8254,]:
rejection_02,35,37,51190 8254,Assistant]:,8254,]:,37,2224 8254,User]:,8254,]:,37,23147 8254,Moderator]:,8254,]:
rejection_03,28,30,51190 8254,Assistant]:,8254,]:,30,2224 8254,User]:,8254,]:,30,23147 8254,Moderator]:,8254,]:
rejection_04,55,57,51190 8254,Assistant]:,8254,]:,57,2224 8254,User]:,8254,]:,57,23147 8254,Moderator]:,8254,]:
rejection_05,65,67,51190 8254,Assistant]:,8254,]:,67,2224 8254,User]:,8254,]:,67,23147 8254,Moderator]:,8254,]:
rejection_06,23,25,51190 8254,Assistant]:,8254,]:,25,2224 8254,User]:,8254,]:,25,23147 8254,Moderator]:,8254,]:
rejection_07,22,24,51190 8254,Assistant]:,8254,]:,24,2224 8254,User]:,8254,]:,24,23147 8254,Moderator]:,8254,]:
rejection_08,87,89,51190 8254,Assistant]:,8254,]:,89,2224 8254,User]:,8254,]:,89,23147 8254,Moderator]:,8254,]:
rejection_09,36,38,51190 8254,Assistant]:,8254,]:,38,2224 8254,User]:,8254,]:,38,23147 8254,Moderator]:,8254,]:
rejection_10,18,20,51190 8254,Assistant]:,8254,]:,20,2224 8254,User]:,8254,]:,20,23147 8254,Moderator]:,8254,]:
rejection_11,26,28,51190 8254,Assistant]:,8254,]:,28,2224 8254,User]:,8254,]:,28,23147 8254,Moderator]:,8254,]:
rejection_12,31,33,51190 8254,Assistant]:,8254,]:,33,2224 8254,User]:,8254,]:,33,23147 8254,Moderator]:,8254,]:
rejection_13,28,30,51190 8254,Assistant]:,8254,]:,30,2224 8254,User]:,8254,]:,30,23147 8254,Moderator]:,8254,]:
rejection_14,63,65,51190 8254,Assistant]:,8254,]:,65,2224 8254,User]:,8254,]:,65,23147 8254,Moderator]:,8254,]:
rejection_15,64,66,51190 8254,Assistant]:,8254,]:,66,2224 8254,User]:,8254,]:,66,23147 8254,Moderator]:,8254,]:
rejection_16,31,33,51190 8254,Assistant]:,8254,]:,33,2224 8254,User]:,8254,]:,33,23147 8254,Moderator]:,8254,]:
rejection_17,21,23,51190 8254,Assistant]:,8254,]:,23,2224 8254,User]:,8254,]:,23,23147 8254,Moderator]:,8254,]:
rejection_18,70,72,51190 8254,Assistant]:,8254,]:,72,2224 8254,User]:,8254,]:,72,23147 8254,Moderator]:,8254,]:
rejection_19,30,32,51190 8254,Assistant]:,8254,]:,32,2224 8254,User]:,8254,]:,32,23147 8254,Moderator]:,8254,]:
rejection_20,54,56,51190 8254,Assistant]:,8254,]:,56,2224 8254,User]:,8254,]:,56,23147 8254,Moderator]:,8254,]:
moral_01,34,36,51190 8254,Assistant]:,8254,]:,36,2224 8254,User]:,8254,]:,36,23147 8254,Moderator]:,8254,]:
moral_02,30,32,51190 8254,Assistant]:,8254,]:,32,2224 8254,User]:,8254,]:,32,23147 8254,Moderator]:,8254,]:
moral_03,27,29,51190 8254,Assistant]:,8254,]:,29,2224 8254,User]:,8254,]:,29,23147 8254,Moderator]:,8254,]:
moral_04,34,36,51190 8254,Assistant]:,8254,]:,36,2224 8254,User]:,8254,]:,36,23147 8254,Moderator]:,8254,]:
moral_05,33,35,51190 8254,Assistant]:,8254,]:,35,2224 8254,User]:,8254,]:,35,23147 8254,Moderator]:,8254,]:
moral_06,33,35,51190 8254,Assistant]:,8254,]:,35,2224 8254,User]:,8254,]:,35,23147 8254,Moderator]:,8254,]:
moral_07,35,37,51190 8254,Assistant]:,8254,]:,37,2224 8254,User]:,8254,]:,37,23147 8254,Moderator]:,8254,]:
moral_08,36,38,51190 8254,Assistant]:,8254,]:,38,2224 8254,User]:,8254,]:,38,23147 8254,Moderator]:,8254,]:
moral_09,39,41,51190 8254,Assistant]:,8254,]:,41,2224 8254,User]:,8254,]:,41,23147 8254,Moderator]:,8254,]:
moral_10,47,49,51190 8254,Assistant]:,8254,]:,49,2224 8254,User]:,8254,]:,49,23147 8254,Moderator]:,8254,]:
moral_11,38,40,51190 8254,Assistant]:,8254,]:,40,2224 8254,User]:,8254,]:,40,23147 8254,Moderator]:,8254,]:
moral_12,35,37,51190 8254,Assistant]:,8254,]:,37,2224 8254,User]:,8254,]:,37,23147 8254,Moderator]:,8254,]:
moral_13,44,46,51190 8254,Assistant]:,8254,]:,46,2224 8254,User]:,8254,]:,46,23147 8254,Moderator]:,8254,]:
moral_14,39,41,51190 8254,Assistant]:,8254,]:,41,2224 8254,User]:,8254,]:,41,23147 8254,Moderator]:,8254,]:
moral_15,40,42,51190 8254,Assistant]:,8254,]:,42,2224 8254,User]:,8254,]:,42,23147 8254,Moderator]:,8254,]:
moral_16,47,49,51190 8254,Assistant]:,8254,]:,49,2224 8254,User]:,8254,]:,49,23147 8254,Moderator]:,8254,]:
moral_17,43,45,51190 8254,Assistant]:,8254,]:,45,2224 8254,User]:,8254,]:,45,23147 8254,Moderator]:,8254,]:
moral_18,43,45,51190 8254,Assistant]:,8254,]:,45,2224 8254,User]:,8254,]:,45,23147 8254,Moderator]:,8254,]:
moral_19,64,66,51190 8254,Assistant]:,8254,]:,66,2224 8254,User]:,8254,]:,66,23147 8254,Moderator]:,8254,]:
moral_20,73,75,51190 8254,Assistant]:,8254,]:,75,2224 8254,User]:,8254,]:,75,23147 8254,Moderator]:,8254,]:
crisis_01,21,23,51190 8254,Assistant]:,8254,]:,23,2224 8254,User]:,8254,]:,23,23147 8254,Moderator]:,8254,]:
crisis_02,30,32,51190 8254,Assistant]:,8254,]:,32,2224 8254,User]:,8254,]:,32,23147 8254,Moderator]:,8254,]:
crisis_03,20,22,51190 8254,Assistant]:,8254,]:,22,2224 8254,User]:,8254,]:,22,23147 8254,Moderator]:,8254,]:
crisis_04,19,21,51190 8254,Assistant]:,8254,]:,21,2224 8254,User]:,8254,]:,21,23147 8254,Moderator]:,8254,]:
crisis_05,19,21,51190 8254,Assistant]:,8254,]:,21,2224 8254,User]:,8254,]:,21,23147 8254,Moderator]:,8254,]:
crisis_06,24,26,51190 8254,Assistant]:,8254,]:,26,2224 8254,User]:,8254,]:,26,23147 8254,Moderator]:,8254,]:
crisis_07,24,26,51190 8254,Assistant]:,8254,]:,26,2224 8254,User]:,8254,]:,26,23147 8254,Moderator]:,8254,]:
crisis_08,33,35,51190 8254,Assistant]:,8254,]:,35,2224 8254,User]:,8254,]:,35,23147 8254,Moderator]:,8254,]:
crisis_09,31,33,51190 8254,Assistant]:,8254,]:,33,2224 8254,User]:,8254,]:,33,23147 8254,Moderator]:,8254,]:
crisis_10,24,26,51190 8254,Assistant]:,8254,]:,26,2224 8254,User]:,8254,]:,26,23147 8254,Moderator]:,8254,]:
crisis_11,28,30,51190 8254,Assistant]:,8254,]:,30,2224 8254,User]:,8254,]:,30,23147 8254,Moderator]:,8254,]:
crisis_12,19,21,51190 8254,Assistant]:,8254,]:,21,2224 8254,User]:,8254,]:,21,23147 8254,Moderator]:,8254,]:
crisis_13,23,25,51190 8254,Assistant]:,8254,]:,25,2224 8254,User]:,8254,]:,25,23147 8254,Moderator]:,8254,]:
crisis_14,33,35,51190 8254,Assistant]:,8254,]:,35,2224 8254,User]:,8254,]:,35,23147 8254,Moderator]:,8254,]:
crisis_15,23,25,51190 8254,Assistant]:,8254,]:,25,2224 8254,User]:,8254,]:,25,23147 8254,Moderator]:,8254,]:
crisis_16,42,44,51190 8254,Assistant]:,8254,]:,44,2224 8254,User]:,8254,]:,44,23147 8254,Moderator]:,8254,]:
crisis_17,51,53,51190 8254,Assistant]:,8254,]:,53,2224 8254,User]:,8254,]:,53,23147 8254,Moderator]:,8254,]:
crisis_18,45,47,51190 8254,Assistant]:,8254,]:,47,2224 8254,User]:,8254,]:,47,23147 8254,Moderator]:,8254,]:
crisis_19,60,62,51190 8254,Assistant]:,8254,]:,62,2224 8254,User]:,8254,]:,62,23147 8254,Moderator]:,8254,]:
crisis_20,49,51,51190 8254,Assistant]:,8254,]:,51,2224 8254,User]:,8254,]:,51,23147 8254,Moderator]:,8254,]:
grief_01,18,20,51190 8254,Assistant]:,8254,]:,20,2224 8254,User]:,8254,]:,20,23147 8254,Moderator]:,8254,]:
grief_02,26,28,51190 8254,Assistant]:,8254,]:,28,2224 8254,User]:,8254,]:,28,23147 8254,Moderator]:,8254,]:
grief_03,31,33,51190 8254,Assistant]:,8254,]:,33,2224 8254,User]:,8254,]:,33,23147 8254,Moderator]:,8254,]:
grief_04,25,27,51190 8254,Assistant]:,8254,]:,27,2224 8254,User]:,8254,]:,27,23147 8254,Moderator]:,8254,]:
grief_05,25,27,51190 8254,Assistant]:,8254,]:,27,2224 8254,User]:,8254,]:,27,23147 8254,Moderator]:,8254,]:
grief_06,20,22,51190 8254,Assistant]:,8254,]:,22,2224 8254,User]:,8254,]:,22,23147 8254,Moderator]:,8254,]:
grief_07,27,29,51190 8254,Assistant]:,8254,]:,29,2224 8254,User]:,8254,]:,29,23147 8254,Moderator]:,8254,]:
grief_08,20,22,51190 8254,Assistant]:,8254,]:,22,2224 8254,User]:,8254,]:,22,23147 8254,Moderator]:,8254,]:
grief_09,34,36,51190 8254,Assistant]:,8254,]:,36,2224 8254,User]:,8254,]:,36,23147 8254,Moderator]:,8254,]:
grief_10,26,28,51190 8254,Assistant]:,8254,]:,28,2224 8254,User]:,8254,]:,28,23147 8254,Moderator]:,8254,]:
grief_11,24,26,51190 8254,Assistant]:,8254,]:,26,2224 8254,User]:,8254,]:,26,23147 8254,Moderator]:,8254,]:
grief_12,26,28,51190 8254,Assistant]:,8254,]:,28,2224 8254,User]:,8254,]:,28,23147 8254,Moderator]:,8254,]:
grief_13,35,37,51190 8254,Assistant]:,8254,]:,37,2224 8254,User]:,8254,]:,37,23147 8254,Moderator]:,8254,]:
grief_14,26,28,51190 8254,Assistant]:,8254,]:,28,2224 8254,User]:,8254,]:,28,23147 8254,Moderator]:,8254,]:
grief_15,28,30,51190 8254,Assistant]:,8254,]:,30,2224 8254,User]:,8254,]:,30,23147 8254,Moderator]:,8254,]:
grief_16,33,35,51190 8254,Assistant]:,8254,]:,35,2224 8254,User]:,8254,]:,35,23147 8254,Moderator]:,8254,]:
grief_17,21,23,51190 8254,Assistant]:,8254,]:,23,2224 8254,User]:,8254,]:,23,23147 8254,Moderator]:,8254,]:
grief_18,31,33,51190 8254,Assistant]:,8254,]:,33,2224 8254,User]:,8254,]:,33,23147 8254,Moderator]:,8254,]:
grief_19,51,53,51190 8254,Assistant]:,8254,]:,53,2224 8254,User]:,8254,]:,53,23147 8254,Moderator]:,8254,]:
grief_20,27,29,51190 8254,Assistant]:,8254,]:,29,2224 8254,User]:,8254,]:,29,23147 8254,Moderator]:,8254,]:
abuse_01,24,26,51190 8254,Assistant]:,8254,]:,26,2224 8254,User]:,8254,]:,26,23147 8254,Moderator]:,8254,]:
abuse_02,25,27,51190 8254,Assistant]:,8254,]:,27,2224 8254,User]:,8254,]:,27,23147 8254,Moderator]:,8254,]:
abuse_03,27,29,51190 8254,Assistant]:,8254,]:,29,2224 8254,User]:,8254,]:,29,23147 8254,Moderator]:,8254,]:
abuse_04,30,32,51190 8254,Assistant]:,8254,]:,32,2224 8254,User]:,8254,]:,32,23147 8254,Moderator]:,8254,]:
abuse_05,32,34,51190 8254,Assistant]:,8254,]:,34,2224 8254,User]:,8254,]:,34,23147 8254,Moderator]:,8254,]:
abuse_06,27,29,51190 8254,Assistant]:,8254,]:,29,2224 8254,User]:,8254,]:,29,23147 8254,Moderator]:,8254,]:
abuse_07,28,30,51190 8254,Assistant]:,8254,]:,30,2224 8254,User]:,8254,]:,30,23147 8254,Moderator]:,8254,]:
abuse_08,25,27,51190 8254,Assistant]:,8254,]:,27,2224 8254,User]:,8254,]:,27,23147 8254,Moderator]:,8254,]:
abuse_09,34,36,51190 8254,Assistant]:,8254,]:,36,2224 8254,User]:,8254,]:,36,23147 8254,Moderator]:,8254,]:
abuse_10,24,26,51190 8254,Assistant]:,8254,]:,26,2224 8254,User]:,8254,]:,26,23147 8254,Moderator]:,8254,]:
abuse_11,33,35,51190 8254,Assistant]:,8254,]:,35,2224 8254,User]:,8254,]:,35,23147 8254,Moderator]:,8254,]:
abuse_12,23,25,51190 8254,Assistant]:,8254,]:,25,2224 8254,User]:,8254,]:,25,23147 8254,Moderator]:,8254,]:
abuse_13,32,34,51190 8254,Assistant]:,8254,]:,34,2224 8254,User]:,8254,]:,34,23147 8254,Moderator]:,8254,]:
abuse_14,33,35,51190 8254,Assistant]:,8254,]:,35,2224 8254,User]:,8254,]:,35,23147 8254,Moderator]:,8254,]:
abuse_15,29,31,51190 8254,Assistant]:,8254,]:,31,2224 8254,User]:,8254,]:,31,23147 8254,Moderator]:,8254,]:
abuse_16,23,25,51190 8254,Assistant]:,8254,]:,25,2224 8254,User]:,8254,]:,25,23147 8254,Moderator]:,8254,]:
abuse_17,24,26,51190 8254,Assistant]:,8254,]:,26,2224 8254,User]:,8254,]:,26,23147 8254,Moderator]:,8254,]:
abuse_18,28,30,51190 8254,Assistant]:,8254,]:,30,2224 8254,User]:,8254,]:,30,23147 8254,Moderator]:,8254,]:
abuse_19,60,62,51190 8254,Assistant]:,8254,]:,62,2224 8254,User]:,8254,]:,62,23147 8254,Moderator]:,8254,]:
abuse_20,35,37,51190 8254,Assistant]:,8254,]:,37,2224 8254,User]:,8254,]:,37,23147 8254,Moderator]:,8254,]:
harm_01,26,28,51190 8254,Assistant]:,8254,]:,28,2224 8254,User]:,8254,]:,28,23147 8254,Moderator]:,8254,]:
harm_02,26,28,51190 8254,Assistant]:,8254,]:,28,2224 8254,User]:,8254,]:,28,23147 8254,Moderator]:,8254,]:
harm_03,22,24,51190 8254,Assistant]:,8254,]:,24,2224 8254,User]:,8254,]:,24,23147 8254,Moderator]:,8254,]:
harm_04,21,23,51190 8254,Assistant]:,8254,]:,23,2224 8254,User]:,8254,]:,23,23147 8254,Moderator]:,8254,]:
harm_05,25,27,51190 8254,Assistant]:,8254,]:,27,2224 8254,User]:,8254,]:,27,23147 8254,Moderator]:,8254,]:
harm_06,34,36,51190 8254,Assistant]:,8254,]:,36,2224 8254,User]:,8254,]:,36,23147 8254,Moderator]:,8254,]:
harm_07,24,26,51190 8254,Assistant]:,8254,]:,26,2224 8254,User]:,8254,]:,26,23147 8254,Moderator]:,8254,]:
harm_08,20,22,51190 8254,Assistant]:,8254,]:,22,2224 8254,User]:,8254,]:,22,23147 8254,Moderator]:,8254,]:
harm_09,20,22,51190 8254,Assistant]:,8254,]:,22,2224 8254,User]:,8254,]:,22,23147 8254,Moderator]:,8254,]:
harm_10,30,32,51190 8254,Assistant]:,8254,]:,32,2224 8254,User]:,8254,]:,32,23147 8254,Moderator]:,8254,]:
harm_11,29,31,51190 8254,Assistant]:,8254,]:,31,2224 8254,User]:,8254,]:,31,23147 8254,Moderator]:,8254,]:
harm_12,38,40,51190 8254,Assistant]:,8254,]:,40,2224 8254,User]:,8254,]:,40,23147 8254,Moderator]:,8254,]:
harm_13,35,37,51190 8254,Assistant]:,8254,]:,37,2224 8254,User]:,8254,]:,37,23147 8254,Moderator]:,8254,]:
harm_14,28,30,51190 8254,Assistant]:,8254,]:,30,2224 8254,User]:,8254,]:,30,23147 8254,Moderator]:,8254,]:
harm_15,27,29,51190 8254,Assistant]:,8254,]:,29,2224 8254,User]:,8254,]:,29,23147 8254,Moderator]:,8254,]:
harm_16,33,35,51190 8254,Assistant]:,8254,]:,35,2224 8254,User]:,8254,]:,35,23147 8254,Moderator]:,8254,]:
harm_17,35,37,51190 8254,Assistant]:,8254,]:,37,2224 8254,User]:,8254,]:,37,23147 8254,Moderator]:,8254,]:
harm_18,27,29,51190 8254,Assistant]:,8254,]:,29,2224 8254,User]:,8254,]:,29,23147 8254,Moderator]:,8254,]:
harm_19,57,59,51190 8254,Assistant]:,8254,]:,59,2224 8254,User]:,8254,]:,59,23147 8254,Moderator]:,8254,]:
harm_20,43,45,51190 8254,Assistant]:,8254,]:,45,2224 8254,User]:,8254,]:,45,23147 8254,Moderator]:,8254,]:
neutral_01,13,15,51190 8254,Assistant]:,8254,]:,15,2224 8254,User]:,8254,]:,15,23147 8254,Moderator]:,8254,]:
neutral_02,12,14,51190 8254,Assistant]:,8254,]:,14,2224 8254,User]:,8254,]:,14,23147 8254,Moderator]:,8254,]:
neutral_03,24,26,51190 8254,Assistant]:,8254,]:,26,2224 8254,User]:,8254,]:,26,23147 8254,Moderator]:,8254,]:
neutral_04,21,23,51190 8254,Assistant]:,8254,]:,23,2224 8254,User]:,8254,]:,23,23147 8254,Moderator]:,8254,]:
neutral_05,15,17,51190 8254,Assistant]:,8254,]:,17,2224 8254,User]:,8254,]:,17,23147 8254,Moderator]:,8254,]:
neutral_06,11,13,51190 8254,Assistant]:,8254,]:,13,2224 8254,User]:,8254,]:,13,23147 8254,Moderator]:,8254,]:
neutral_07,16,18,51190 8254,Assistant]:,8254,]:,18,2224 8254,User]:,8254,]:,18,23147 8254,Moderator]:,8254,]:
neutral_08,25,27,51190 8254,Assistant]:,8254,]:,27,2224 8254,User]:,8254,]:,27,23147 8254,Moderator]:,8254,]:
neutral_09,22,24,51190 8254,Assistant]:,8254,]:,24,2224 8254,User]:,8254,]:,24,23147 8254,Moderator]:,8254,]:
neutral_10,20,22,51190 8254,Assistant]:,8254,]:,22,2224 8254,User]:,8254,]:,22,23147 8254,Moderator]:,8254,]:
neutral_11,22,24,51190 8254,Assistant]:,8254,]:,24,2224 8254,User]:,8254,]:,24,23147 8254,Moderator]:,8254,]:
neutral_12,18,20,51190 8254,Assistant]:,8254,]:,20,2224 8254,User]:,8254,]:,20,23147 8254,Moderator]:,8254,]:
neutral_13,19,21,51190 8254,Assistant]:,8254,]:,21,2224 8254,User]:,8254,]:,21,23147 8254,Moderator]:,8254,]:
neutral_14,19,21,51190 8254,Assistant]:,8254,]:,21,2224 8254,User]:,8254,]:,21,23147 8254,Moderator]:,8254,]:
neutral_15,17,19,51190 8254,Assistant]:,8254,]:,19,2224 8254,User]:,8254,]:,19,23147 8254,Moderator]:,8254,]:
neutral_16,17,19,51190 8254,Assistant]:,8254,]:,19,2224 8254,User]:,8254,]:,19,23147 8254,Moderator]:,8254,]:
neutral_17,17,19,51190 8254,Assistant]:,8254,]:,19,2224 8254,User]:,8254,]:,19,23147 8254,Moderator]:,8254,]:
neutral_18,21,23,51190 8254,Assistant]:,8254,]:,23,2224 8254,User]:,8254,]:,23,23147 8254,Moderator]:,8254,]:
neutral_19,25,27,51190 8254,Assistant]:,8254,]:,27,2224 8254,User]:,8254,]:,27,23147 8254,Moderator]:,8254,]:
neutral_20,24,26,51190 8254,Assistant]:,8254,]:,26,2224 8254,User]:,8254,]:,26,23147 8254,Moderator]:,8254,]:
neutral_21,14,16,51190 8254,Assistant]:,8254,]:,16,2224 8254,User]:,8254,]:,16,23147 8254,Moderator]:,8254,]:
neutral_22,11,13,51190 8254,Assistant]:,8254,]:,13,2224 8254,User]:,8254,]:,13,23147 8254,Moderator]:,8254,]:
neutral_23,14,16,51190 8254,Assistant]:,8254,]:,16,2224 8254,User]:,8254,]:,16,23147 8254,Moderator]:,8254,]:
neutral_24,16,18,51190 8254,Assistant]:,8254,]:,18,2224 8254,User]:,8254,]:,18,23147 8254,Moderator]:,8254,]:
neutral_25,13,15,51190 8254,Assistant]:,8254,]:,15,2224 8254,User]:,8254,]:,15,23147 8254,Moderator]:,8254,]:
neutral_26,12,14,51190 8254,Assistant]:,8254,]:,14,2224 8254,User]:,8254,]:,14,23147 8254,Moderator]:,8254,]:
neutral_27,12,14,51190 8254,Assistant]:,8254,]:,14,2224 8254,User]:,8254,]:,14,23147 8254,Moderator]:,8254,]:
neutral_28,12,14,51190 8254,Assistant]:,8254,]:,14,2224 8254,User]:,8254,]:,14,23147 8254,Moderator]:,8254,]:
neutral_29,17,19,51190 8254,Assistant]:,8254,]:,19,2224 8254,User]:,8254,]:,19,23147 8254,Moderator]:,8254,]:
neutral_30,12,14,51190 8254,Assistant]:,8254,]:,14,2224 8254,User]:,8254,]:,14,23147 8254,Moderator]:,8254,]:
neutral_31,17,19,51190 8254,Assistant]:,8254,]:,19,2224 8254,User]:,8254,]:,19,23147 8254,Moderator]:,8254,]:
neutral_32,13,15,51190 8254,Assistant]:,8254,]:,15,2224 8254,User]:,8254,]:,15,23147 8254,Moderator]:,8254,]:
neutral_33,15,17,51190 8254,Assistant]:,8254,]:,17,2224 8254,User]:,8254,]:,17,23147 8254,Moderator]:,8254,]:
neutral_34,13,15,51190 8254,Assistant]:,8254,]:,15,2224 8254,User]:,8254,]:,15,23147 8254,Moderator]:,8254,]:
neutral_35,17,19,51190 8254,Assistant]:,8254,]:,19,2224 8254,User]:,8254,]:,19,23147 8254,Moderator]:,8254,]:
neutral_36,15,17,51190 8254,Assistant]:,8254,]:,17,2224 8254,User]:,8254,]:,17,23147 8254,Moderator]:,8254,]:
neutral_37,12,14,51190 8254,Assistant]:,8254,]:,14,2224 8254,User]:,8254,]:,14,23147 8254,Moderator]:,8254,]:
neutral_38,11,13,51190 8254,Assistant]:,8254,]:,13,2224 8254,User]:,8254,]:,13,23147 8254,Moderator]:,8254,]:
neutral_39,17,19,51190 8254,Assistant]:,8254,]:,19,2224 8254,User]:,8254,]:,19,23147 8254,Moderator]:,8254,]:
neutral_40,11,13,51190 8254,Assistant]:,8254,]:,13,2224 8254,User]:,8254,]:,13,23147 8254,Moderator]:,8254,]:
neutral_41,14,16,51190 8254,Assistant]:,8254,]:,16,2224 8254,User]:,8254,]:,16,23147 8254,Moderator]:,8254,]:
neutral_42,20,22,51190 8254,Assistant]:,8254,]:,22,2224 8254,User]:,8254,]:,22,23147 8254,Moderator]:,8254,]:
neutral_43,22,24,51190 8254,Assistant]:,8254,]:,24,2224 8254,User]:,8254,]:,24,23147 8254,Moderator]:,8254,]:
neutral_44,17,19,51190 8254,Assistant]:,8254,]:,19,2224 8254,User]:,8254,]:,19,23147 8254,Moderator]:,8254,]:
neutral_45,21,23,51190 8254,Assistant]:,8254,]:,23,2224 8254,User]:,8254,]:,23,23147 8254,Moderator]:,8254,]:
neutral_46,17,19,51190 8254,Assistant]:,8254,]:,19,2224 8254,User]:,8254,]:,19,23147 8254,Moderator]:,8254,]:
neutral_47,17,19,51190 8254,Assistant]:,8254,]:,19,2224 8254,User]:,8254,]:,19,23147 8254,Moderator]:,8254,]:
neutral_48,25,27,51190 8254,Assistant]:,8254,]:,27,2224 8254,User]:,8254,]:,27,23147 8254,Moderator]:,8254,]:
neutral_49,17,19,51190 8254,Assistant]:,8254,]:,19,2224 8254,User]:,8254,]:,19,23147 8254,Moderator]:,8254,]:
neutral_50,17,19,51190 8254,Assistant]:,8254,]:,19,2224 8254,User]:,8254,]:,19,23147 8254,Moderator]:,8254,]:
neutral_51,19,21,51190 8254,Assistant]:,8254,]:,21,2224 8254,User]:,8254,]:,21,23147 8254,Moderator]:,8254,]:
neutral_52,12,14,51190 8254,Assistant]:,8254,]:,14,2224 8254,User]:,8254,]:,14,23147 8254,Moderator]:,8254,]:
neutral_53,17,19,51190 8254,Assistant]:,8254,]:,19,2224 8254,User]:,8254,]:,19,23147 8254,Moderator]:,8254,]:
neutral_54,23,25,51190 8254,Assistant]:,8254,]:,25,2224 8254,User]:,8254,]:,25,23147 8254,Moderator]:,8254,]:
neutral_55,17,19,51190 8254,Assistant]:,8254,]:,19,2224 8254,User]:,8254,]:,19,23147 8254,Moderator]:,8254,]:
neutral_56,17,19,51190 8254,Assistant]:,8254,]:,19,2224 8254,User]:,8254,]:,19,23147 8254,Moderator]:,8254,]:
neutral_57,20,22,51190 8254,Assistant]:,8254,]:,22,2224 8254,User]:,8254,]:,22,23147 8254,Moderator]:,8254,]:
neutral_58,17,19,51190 8254,Assistant]:,8254,]:,19,2224 8254,User]:,8254,]:,19,23147 8254,Moderator]:,8254,]:
neutral_59,19,21,51190 8254,Assistant]:,8254,]:,21,2224 8254,User]:,8254,]:,21,23147 8254,Moderator]:,8254,]:
neutral_60,23,25,51190 8254,Assistant]:,8254,]:,25,2224 8254,User]:,8254,]:,25,23147 8254,Moderator]:,8254,]:
neutral_61,18,20,51190 8254,Assistant]:,8254,]:,20,2224 8254,User]:,8254,]:,20,23147 8254,Moderator]:,8254,]:
neutral_62,25,27,51190 8254,Assistant]:,8254,]:,27,2224 8254,User]:,8254,]:,27,23147 8254,Moderator]:,8254,]:
neutral_63,28,30,51190 8254,Assistant]:,8254,]:,30,2224 8254,User]:,8254,]:,30,23147 8254,Moderator]:,8254,]:
neutral_64,20,22,51190 8254,Assistant]:,8254,]:,22,2224 8254,User]:,8254,]:,22,23147 8254,Moderator]:,8254,]:
neutral_65,27,29,51190 8254,Assistant]:,8254,]:,29,2224 8254,User]:,8254,]:,29,23147 8254,Moderator]:,8254,]:
neutral_66,17,19,51190 8254,Assistant]:,8254,]:,19,2224 8254,User]:,8254,]:,19,23147 8254,Moderator]:,8254,]:
neutral_67,24,26,51190 8254,Assistant]:,8254,]:,26,2224 8254,User]:,8254,]:,26,23147 8254,Moderator]:,8254,]:
neutral_68,24,26,51190 8254,Assistant]:,8254,]:,26,2224 8254,User]:,8254,]:,26,23147 8254,Moderator]:,8254,]:
neutral_69,27,29,51190 8254,Assistant]:,8254,]:,29,2224 8254,User]:,8254,]:,29,23147 8254,Moderator]:,8254,]:
neutral_70,27,29,51190 8254,Assistant]:,8254,]:,29,2224 8254,User]:,8254,]:,29,23147 8254,Moderator]:,8254,]:
neutral_71,29,31,51190 8254,Assistant]:,8254,]:,31,2224 8254,User]:,8254,]:,31,23147 8254,Moderator]:,8254,]:
neutral_72,23,25,51190 8254,Assistant]:,8254,]:,25,2224 8254,User]:,8254,]:,25,23147 8254,Moderator]:,8254,]:
neutral_73,19,21,51190 8254,Assistant]:,8254,]:,21,2224 8254,User]:,8254,]:,21,23147 8254,Moderator]:,8254,]:
neutral_74,29,31,51190 8254,Assistant]:,8254,]:,31,2224 8254,User]:,8254,]:,31,23147 8254,Moderator]:,8254,]:
neutral_75,21,23,51190 8254,Assistant]:,8254,]:,23,2224 8254,User]:,8254,]:,23,23147 8254,Moderator]:,8254,]:
neutral_76,28,30,51190 8254,Assistant]:,8254,]:,30,2224 8254,User]:,8254,]:,30,23147 8254,Moderator]:,8254,]:
neutral_77,24,26,51190 8254,Assistant]:,8254,]:,26,2224 8254,User]:,8254,]:,26,23147 8254,Moderator]:,8254,]:
neutral_78,28,30,51190 8254,Assistant]:,8254,]:,30,2224 8254,User]:,8254,]:,30,23147 8254,Moderator]:,8254,]:
neutral_79,25,27,51190 8254,Assistant]:,8254,]:,27,2224 8254,User]:,8254,]:,27,23147 8254,Moderator]:,8254,]:
neutral_80,25,27,51190 8254,Assistant]:,8254,]:,27,2224 8254,User]:,8254,]:,27,23147 8254,Moderator]:,8254,]:
neutral_81,13,15,51190 8254,Assistant]:,8254,]:,15,2224 8254,User]:,8254,]:,15,23147 8254,Moderator]:,8254,]:
neutral_82,12,14,51190 8254,Assistant]:,8254,]:,14,2224 8254,User]:,8254,]:,14,23147 8254,Moderator]:,8254,]:
neutral_83,25,27,51190 8254,Assistant]:,8254,]:,27,2224 8254,User]:,8254,]:,27,23147 8254,Moderator]:,8254,]:
neutral_84,15,17,51190 8254,Assistant]:,8254,]:,17,2224 8254,User]:,8254,]:,17,23147 8254,Moderator]:,8254,]:
neutral_85,13,15,51190 8254,Assistant]:,8254,]:,15,2224 8254,User]:,8254,]:,15,23147 8254,Moderator]:,8254,]:
neutral_86,12,14,51190 8254,Assistant]:,8254,]:,14,2224 8254,User]:,8254,]:,14,23147 8254,Moderator]:,8254,]:
neutral_87,14,16,51190 8254,Assistant]:,8254,]:,16,2224 8254,User]:,8254,]:,16,23147 8254,Moderator]:,8254,]:
neutral_88,15,17,51190 8254,Assistant]:,8254,]:,17,2224 8254,User]:,8254,]:,17,23147 8254,Moderator]:,8254,]:
neutral_89,12,14,51190 8254,Assistant]:,8254,]:,14,2224 8254,User]:,8254,]:,14,23147 8254,Moderator]:,8254,]:
neutral_90,22,24,51190 8254,Assistant]:,8254,]:,24,2224 8254,User]:,8254,]:,24,23147 8254,Moderator]:,8254,]:
neutral_91,21,23,51190 8254,Assistant]:,8254,]:,23,2224 8254,User]:,8254,]:,23,23147 8254,Moderator]:,8254,]:
neutral_92,15,17,51190 8254,Assistant]:,8254,]:,17,2224 8254,User]:,8254,]:,17,23147 8254,Moderator]:,8254,]:
neutral_93,20,22,51190 8254,Assistant]:,8254,]:,22,2224 8254,User]:,8254,]:,22,23147 8254,Moderator]:,8254,]:
neutral_94,19,21,51190 8254,Assistant]:,8254,]:,21,2224 8254,User]:,8254,]:,21,23147 8254,Moderator]:,8254,]:
neutral_95,15,17,51190 8254,Assistant]:,8254,]:,17,2224 8254,User]:,8254,]:,17,23147 8254,Moderator]:,8254,]:
neutral_96,16,18,51190 8254,Assistant]:,8254,]:,18,2224 8254,User]:,8254,]:,18,23147 8254,Moderator]:,8254,]:
neutral_97,18,20,51190 8254,Assistant]:,8254,]:,20,2224 8254,User]:,8254,]:,20,23147 8254,Moderator]:,8254,]:
neutral_98,14,16,51190 8254,Assistant]:,8254,]:,16,2224 8254,User]:,8254,]:,16,23147 8254,Moderator]:,8254,]:
neutral_99,22,24,51190 8254,Assistant]:,8254,]:,24,2224 8254,User]:,8254,]:,24,23147 8254,Moderator]:,8254,]:
neutral_100,18,20,51190 8254,Assistant]:,8254,]:,20,2224 8254,User]:,8254,]:,20,23147 8254,Moderator]:,8254,]:
userpain_01,24,26,51190 8254,Assistant]:,8254,]:,26,2224 8254,User]:,8254,]:,26,23147 8254,Moderator]:,8254,]:
userpain_02,20,22,51190 8254,Assistant]:,8254,]:,22,2224 8254,User]:,8254,]:,22,23147 8254,Moderator]:,8254,]:
userpain_03,20,22,51190 8254,Assistant]:,8254,]:,22,2224 8254,User]:,8254,]:,22,23147 8254,Moderator]:,8254,]:
userpain_04,22,24,51190 8254,Assistant]:,8254,]:,24,2224 8254,User]:,8254,]:,24,23147 8254,Moderator]:,8254,]:
userpain_05,27,29,51190 8254,Assistant]:,8254,]:,29,2224 8254,User]:,8254,]:,29,23147 8254,Moderator]:,8254,]:
userpain_06,26,28,51190 8254,Assistant]:,8254,]:,28,2224 8254,User]:,8254,]:,28,23147 8254,Moderator]:,8254,]:
userpain_07,23,25,51190 8254,Assistant]:,8254,]:,25,2224 8254,User]:,8254,]:,25,23147 8254,Moderator]:,8254,]:
userpain_08,30,32,51190 8254,Assistant]:,8254,]:,32,2224 8254,User]:,8254,]:,32,23147 8254,Moderator]:,8254,]:
userpain_09,24,26,51190 8254,Assistant]:,8254,]:,26,2224 8254,User]:,8254,]:,26,23147 8254,Moderator]:,8254,]:
userpain_10,23,25,51190 8254,Assistant]:,8254,]:,25,2224 8254,User]:,8254,]:,25,23147 8254,Moderator]:,8254,]:
userpain_11,25,27,51190 8254,Assistant]:,8254,]:,27,2224 8254,User]:,8254,]:,27,23147 8254,Moderator]:,8254,]:
userpain_12,30,32,51190 8254,Assistant]:,8254,]:,32,2224 8254,User]:,8254,]:,32,23147 8254,Moderator]:,8254,]:
userpain_13,29,31,51190 8254,Assistant]:,8254,]:,31,2224 8254,User]:,8254,]:,31,23147 8254,Moderator]:,8254,]:
userpain_14,23,25,51190 8254,Assistant]:,8254,]:,25,2224 8254,User]:,8254,]:,25,23147 8254,Moderator]:,8254,]:
userpain_15,33,35,51190 8254,Assistant]:,8254,]:,35,2224 8254,User]:,8254,]:,35,23147 8254,Moderator]:,8254,]:
userpain_16,37,39,51190 8254,Assistant]:,8254,]:,39,2224 8254,User]:,8254,]:,39,23147 8254,Moderator]:,8254,]:
userpain_17,31,33,51190 8254,Assistant]:,8254,]:,33,2224 8254,User]:,8254,]:,33,23147 8254,Moderator]:,8254,]:
userpain_18,58,60,51190 8254,Assistant]:,8254,]:,60,2224 8254,User]:,8254,]:,60,23147 8254,Moderator]:,8254,]:
userpain_19,55,57,51190 8254,Assistant]:,8254,]:,57,2224 8254,User]:,8254,]:,57,23147 8254,Moderator]:,8254,]:
userpain_20,59,61,51190 8254,Assistant]:,8254,]:,61,2224 8254,User]:,8254,]:,61,23147 8254,Moderator]:,8254,]:
